123 INNOVATION GROUP S.L. (B64437403),SEU CENTRAL,SANT JOAN DE LA SALLE 42  PARC D'INNOVACIÓ LA SALLE,08022,BARCELONA,935322020
2000 BIM INFORMATICA SL (B63537500),SEU CENTRAL,MALLORCA 419  ,08012,BARCELONA,934334284
2SHAPES TECHNOLOGIES SLU (B66937251),SEU CENTRAL,ERNEST LLUCH 32  TCM2 OFICINA 2.1,08302,MATARÓ,671667116
3A FORMACION Y CONSULTORIA SL. (B65118374),SEU CENTRAL,TRES CREUS 104 - P. 3 PTA. 2  ,08202,SABADELL,931598400
3G INFORMATICA INTEGRAL sl (B81399305),SEU CENTRAL,"DE LOS ROSALES, 42 NAVE 5011 ",28021,MADRID,902118164
3NET SECURITY SYSTEMS (B62671730),SEU CENTRAL,LLUIS PUIGJANER 107  ,08640,OLESA DE MONTSERRAT,932431018
46 TO SHINJUKU MEDIALAB S.L. (B62689203),SEU CENTRAL,FARGAIRES 1  ,08290,CERDANYOLA DEL VALLÈS,935824555
A2N TEAM SOFTWARE IBERICA SL (B67169144),SEU CENTRAL,Enric prat de la riba 236 3-1 ,08901,"HOSPITALET DE LLOBREGAT, L'",699646759
AB-BIOTICS S.A. (A63497473),SEU CENTRAL,DE LA TORREBLANCA 57  ESADECREAPOLIS,08172,SANT CUGAT DEL VALLÈS,935806045
ABS INFORMÀTICA SLU (B59383596),SEU CENTRAL,ÀLABA 140-144 3 ,08018,BARCELONA,93 486 46 00
"ABYLIGHT, SL (B63515530)",SEU CENTRAL,INDUSTRIA 363 LOCAL 1 ,08027,BARCELONA,657485241
ACADEMIA UNIVERSO FORMACIÓN (B18844514),SEU CENTRAL,CORREDERA 45  ,18800,BAZA,95 870 45 35
ACCENTURE OUTSOURCING SERVICES SA (A80949175),SEU SANT CUGAT,XAVIER CUGAT 2  ,08174,SANT CUGAT DEL VALLÈS,932271100
ACCENTURE OUTSOURCING SERVICES SA (A80949175),OFICINA PAU CLARIS,PAU CLARIS 186 4ª PLANTA ,08037,BARCELONA,932271000
"ACCENTURE, S.L.U (B79217790)",ACCENTURE BARCELONA,PAU CLARIS 165 2 PLANTA ,08028,BARCELONA,93 622 53 11
"ACCENTURE, S.L.U (B79217790)","SEU BCN - PASSEIG SANT GERVASI, 51",SANT GERVASI 51  ,08022,BARCELONA,917687521
"ACCENTURE, S.L.U (B79217790)",ACCENTURE Via Augusta,Augusta 200  ,08021,BARCELONA,639791645
"ACCENTURE, S.L.U (B79217790)",SEU ARIBAU,ARIBAU 195-197  ,08021,BARCELONA,917687521
ACCON SOFTWARE SL (B62203542),SEU CENTRAL,BRUCH 72  ,08009,BARCELONA,934412416
ACTIO PROCESOS Y TECNOLOGIA SL (B99272924),SEDE CENTRAL,ROMA BLOQUE F1 PLANTA 11 ,50010,ZARAGOZA,681385671
ACTUAL GRANOLLERS SL (B61728366),SEU CANOVELLES,CARLES BUHIGUES 3 K ,08420,CANOVELLES,938406400
ADDMIRA MULTIMEDIA SL (B62622154),SEU CENTRAL,"CALVET 30 3R, 1A ",08021,BARCELONA,934342138
ADHOC SYNECTIC SYSTEMS SA (A58461724),SEU CENTRAL,URRUTIA 97  LOCAL,08042,BARCELONA,932768340
"ADI PLUS TECH & CONTENT, SL (B66558487)",SEU CENTRAL,JORDI GIRONA 29  0D,08034,BARCELONA,934054115
ADMIRA DIGITAL NETWORKS S.L. (B64382187),SEU CENTRAL,SANTA ROSA 4 BAIXOS ,08012,BARCELONA,93 250 89 30
ADS ANALISI DISSENY DE SOFT SL (B17353459),SEU CENTRAL,DE BARCELONA 1BIS ENTRESOL 3A ,17800,OLOT,972261446
ADUXIA CONSULTING SL (B66639667),SEU CENTRAL,Torreblanca 57  ,08173,SANT CUGAT DEL VALLÈS,937 07 81 57
"ADVANCED NANOTECHNOLOGIES, S.L. (B65767097)",OFICINA DOCTOR NUBIOLA,DOCTOR NUBIOLA I ESPINÓS 6-8 PRAL. 8ª ,08028,BARCELONA,936674863
ADZ GESTIONS INFORMATIQUES SL (B43475615),SEU CENTRAL,PERE MARTELL 39  OFICINA 1,43005,TARRAGONA,977245561
AES MULTIMEDIA S.L (B82738519),SEDE CENTRAL,VIRGEN DE LA FUENCISLA 4  ,28027,MADRID,691529288
AFX SOLUTIONS S.L.U (B67088500),SEU CENTRAL,GENERALITAT 5 PLANTA 3 ,08922,SANTA COLOMA DE GRAMENET,930009911
AFX SOLUTIONS S.L.U (B67088500),SEU ASSISTÈNCIA TÈCNICA,DE LA VILA 26-28 1º-1ª ,08922,SANTA COLOMA DE GRAMENET,930009911
"AGATEX, S.L. (B58281148)",OFICINES,DE CASTELLAR 352  ,08226,TERRASSA,937369888
"AGENCIA MARKETING NINJA, S. L. (B67136465)",SEU TRAVESSERA DE GRÀCIA,DE GRÀCIA 264 ENT. 2 ,08025,BARCELONA,930186615
"AGENCIA MARKETING NINJA, S. L. (B67136465)",Ninja Barcelona,De Nogués 10  ,08025,BARCELONA,9301186615
AIRVALIDATION SCP (J65611436),SEU CENTRAL,ISAAC PERAL 3-B LOCAL 1 ,08224,TERRASSA,644492224
AIS APLICACIONES DE INTELIGENCIA ARTIFICIAL SA (A58417759),SEU CENTRAL,DIPUTACIÓ 246 BAIXOS B ,08025,BARCELONA,934143534
AJUNTAMENT DE BANYOLES (P1701600G),DEPARTAMENT D'INFORMÀTICA,DE LA INDÚSTRIA 25  ,17820,BANYOLES,972570050
AJUNTAMENT DE CALONGE (P1703800A),DEPARTAMENT D'INFORMÀTICA,CONCÒRDIA 7  ,17251,CALONGE,972660375
AJUNTAMENT DE CASTELL PLATJA D'ARO (P1705300J),DEPARTAMENT D'INFORMATICA,VERDAGUER 2  ,17250,CASTELL-PLATJA D'ARO,972804219
AJUNTAMENT DE CASTELL PLATJA D'ARO (P1705300J),DEPARTAMENT DE BENESTAR SOCIAL,BRUSEL.LES 6  ,17250,CASTELL-PLATJA D'ARO,972819473
AJUNTAMENT DE LA BISBAL D'EMPORDÀ (P1702500H),SEU CENTRAL,PL DEL CASTELL S/N  ,17100,"BISBAL D'EMPORDÀ, LA",972640975
AJUNTAMENT DE LES MASIES DE VOLTREGÀ (P0811600F),SEU CENTRAL(PISCINA),DESPUJOL S/N  ,08508,"MASIES DE VOLTREGÀ, LES",938570028
AJUNTAMENT DE MONTBLANC (P4308700F),DEPARTAMENT D'INFORMÀTICA,MAJOR 1  ,43400,MONTBLANC,977860009
AJUNTAMENT DE REUS (P4312500D),DEPARTAMENT D'INFORMÀTICA,DE LA CAMBRA DEL COMERÇ 42 1R EDIFICI CEPID-CENTRE EMPRESARIAL PER A LA INNOVAC,43204,REUS,977010290
AJUNTAMENT DE TARRAGONA (P4315000B),SEU CENTRAL,FONT 1  ,43003,TARRAGONA,977296109
AJUNTAMENT DE VILAFRANCA DEL PENEDÈS (P0830600C),SERVEI D'INFORMÀTICA,SANTA MARIA 2  2A PLANTA,08720,VILAFRANCA DEL PENEDÈS,938 920 358
AJUNTAMENT DE VILAFRANCA DEL PENEDÈS (P0830600C),SERVEI D'OCUPACIO I FORMACIO,CATALUNYA 22  ,08720,VILAFRANCA DEL PENEDÈS,938171995
AJUNTAMENT TORTOSA (P4315700G),AJUNTAMENT,ESPAÑA 1  ,43500,TORTOSA,977585881
AKROCARD 2000 S.L (B61277521),SEU CENTRAL,ELS VILARENYS 48  ,17253,VALL-LLOBREGA,902444556
"ALCAMBARCELONA, SL (B65700908)",SEU CENTRAL,CONXITA SUPERVIA 9  ,08028,BARCELONA,638299645
ALPINIA TECHNOLOGIES SL (B13620901),SEDE CENTRAL,DE MOLEDORES S/N  ,13001,CIUDAD REAL,654314391
ALTEN SOLUCIONES PRODUCTOS AUDITORÍA E INGENIERÍA S.A (A79153920),ALTEN VALLADOLID,TECNOLOGICO DE BOECILLO EDIFICIO GALILEO JUAN DE ARFE Y VILLAFAÑE MODULO ROJO  ,47151,BOECILLO,659749963
ALTEN SOLUCIONES PRODUCTOS AUDITORÍA E INGENIERÍA S.A (A79153920),EDIFICI BARCELONA MAR  ALTEN SOLUCIONES,JOSEP PLA 2 13 ,08019,BARCELONA,935 50 99 00
ALTERNATIVE ENERGY INNOVATIONS SL (B66389362),SEU CENTRAL,"TELERS 5-B 2A PLANTA, OF. 11 ",08221,TERRASSA,932203240
ALTRA SOFTWARE SL (B64521800),SEU CENTRAL,INDUSTRIA 90  ,08860,CASTELLDEFELS,936367616
ALTRAN INNOVACIÓN S.L.U. (B80428972),SEU CENTRAL,LLACUNA 56-70 EDIFICI A ,08005,BARCELONA,682120921
ALTRAN INNOVACIÓN S.L.U. (B80428972),SEDE MADRID,CAMPEZO 1  EDIFICIO 1,28022,MADRID,915504100
ALTURA CLOUD SL. (B66815325),SEU CENTRAL,GRAN VIA CARLES III 931001500  ,08028,BARCELONA,609065868
"ALWAYS ON TECHNOLOGY, S.L. (B86617503)",ALWAYSON -CORNELLÀ,FERROCARRILES CATALANES 97-117 1º1ª ,08940,CORNELLÀ DE LLOBREGAT,911680785
"ALZAMORA CARTON PACKAGING, SA (A55305932)",SEU CENTRAL,NACIONAL 260 KM 81  ,17857,SANT JOAN LES FONTS,972274404
ANALISTAS COOFFEE S.L. (B88415443),SEDE CENTRAL,CERRO MILANO 141 2-26 ,28051,MADRID,649411609
ANGEL POU SABATE (77910261S),TICONSULTING,RIU GUELL 192  ,17006,GIRONA,615099026
ANTARES SISTEMAS S.L (B60680774),SEU CENTRAL,MARIE CURIE 17  ,08223,TERRASSA,937459550
APEN CENTRE INFORMATIC SL (B60188877),SEU CENTRAL,RIBERA DEL CONGOST 48  ,08520,"FRANQUESES DEL VALLÈS, LES",938606220
APFUTURA INTERNACIONAL SOLUCIONES S.L. (B64993876),SEU CENTRAL,DEU I MATA 133 LOCAL ,08029,BARCELONA,657435111
APLICACIONS DE LA CATÀLISI SL (B43877281),SEU CENTRAL,PAÏSOS CATALANS 18  ,43007,TARRAGONA,977558641
"Aplicacions Multimedia Interactives, S.L. (B61077020)",Ubuntia,MATADEPERA 309 LOCAL 17 ,08225,TERRASSA,937360404
APPLUS ITEUVE TECHNOLOGY SL (B81041444),APPUS ITEUVE TECHNOLOGY - BELLATERRA,DE LA FONT DEL CARME S/N  ,08193,BELLATERRA,667167685
appOrigen SL (B67075796),CENTRE ESPLUGUES,JOSEP M. VENTURA 3 LOCAL 6 ,08950,ESPLUGUES DE LLOBREGAT,695933974
AQAIA CONSULTING SL (B64683287),SEU IGUALADA,BARCELONA 105  ,08700,IGUALADA,938066469
"AREA BIM ENGINEERING, S.L (B66718446)",SEU CENTRAL,"CERDANYOLA 92-94 1ª PLANTA, PORTA 16 ",08173,SANT CUGAT DEL VALLÈS,93 243 25 10
Area Cloud Business S.L. (B66811696),Seu Central,de la Generalitat 216 4t 1ª ,08174,SANT CUGAT DEL VALLÈS,937072149
ARGVEN TECHNOLOGY SL (B66696204),SEU CENTRAL,CREU ROJA 1 3-4 ,08290,CERDANYOLA DEL VALLÈS,935946600
ARKADEL 21 SL (B83577940),SEU DE DESENVOLUPAMENT INFORMATIC,ISLA GRACIOSA 3  PLANTA BAJA,28703,SAN SEBASTI¿N DE LOS REYES,916538383
Arola Domènech Prats (48033622P),Aussie You Too,Consell de Cent 297 Principal ,08007,BARCELONA,678649579
ARPEN TECHNOLOGIES SL (B66813130),SEU CENTRAL,BALMES 430  ,08022,BARCELONA,936396866
ARROVA INTERNET AGENCY SL (B66919309),SEU CENTRAL,GIRONA 161  ,08402,GRANOLLERS,93 142 62 97
ARROVA.CAT SCP (J65797243),DELEGACIÓ,GIRONA 161 BAIX ,08401,GRANOLLERS,696057879
AS SOFTWARE HOSTING SL (B63428940),SEU CENTRAL,DEL FERROCARRIL 339 1R 3A ,08860,CASTELLDEFELS,933968100
ASAITEC SOLUCIONES INFORMÁTICAS SL (B86749710),ASAITEC,"MANOTERAS 8 ESC 4, 4ºA ",28050,MADRID,688920956
ASARTEC CONSULTORIA SL (B17905720),SEU CENTRAL,BONASTRUC DE PORTA 24 - PISO 1 1  ,17001,GIRONA,972219592
ASCENSORES CYSA SL (B26514380),SEDE CENTRAL,CUEVAS DEL CASTILLO 14-16  ,26540,ALFARO,941182987
ASESORAMIENTO Y SERVICIOS INFORMATICOS NARON S.L. (B70493663),SEDE CENTRAL,ESTEIRO 5 C / 6 / B ,15403,FERROL,981930828
ASLAM NEW IT SL (B86727161),SEU CENTRAL,JULIÁN CAMARILLO 10 OF. 204 ,28037,MADRID,911442106
"ASLOGIC 2011, S.L. (B65920670)",SEU CENTRAL,ELECTRICITAT 1-21  ,08191,RUBÍ,679163540
ASOC DEPORTIVA CLUB ATLETIC MOLLET (G58930132),SEU CENTRAL,RIVOLI SN  ,08100,MOLLET DEL VALLÈS,639976343
ASOCIACIÓN MUNDUS- UN MUNDO A TUS PIES (G66021478),CENTRE DE RECURSOS JUVENIL MAS FONOLLAR,SANT JERONI 1-3  ,08923,SANTA COLOMA DE GRAMENET,934604000
ASPY PREVENCION SLU (B98844574),SEU CENTRAL,Navarra 14  ,08911,BADALONA,671806864
ASSOCIACIO EL DEFENSOR DE L'ESTUDIANT (G65861346),SEU CENTRAL,DE DALT 21-23 7 1 ,08024,BARCELONA,932851911
ASSOFT NET SL (B25568676),SEU CENTRAL,Artur Martorell 2 B ,43850,CAMBRILS,977369369
ASSTEL SIS SL (B43473362),SEU CENTRAL,Llunes i Pujals 4  baixos,43203,REUS,902300037
ASTECH FOOD MACHINERY SL (B55153621),SEU CENTRAL,L 32  ,17844,CORNELLÀ DEL TERRI,972579094
ATMIRA ESPACIO DE CONSULTORIA (B63866099),DELEGACIÓ VILAFRANCA,LA GORNAL 21 2ª PLANTA ,08720,VILAFRANCA DEL PENEDÈS,914 471 847
ATOOM BARCELONA S.L. (B65989840),SEU CENTRAL,ROSSELLÓ 231 PPAL 1A ,08008,BARCELONA,679098507
ATOS CONSULTING CANARIAS SA (A38616579),SEU CENTRAL,SUBIDA AL MAYORAZGO 674329144  ,38110,HOYA FRIA,674329144
ATOS IT SOLUTIONS AND SERVICES IBERIA S.L (B85908093),SEU CENTRAL,ALBARRACIN 25  ,28037,MADRID,914408800
ATOS SPAIN SA (A28240752),Barcelona (Pere IV),Pere IV 291-307  ,08020,BARCELONA,934861818
ATOTARREU.COM SL (B63332498),SEU CENTRAL,CATALUNYA 60  ,08783,MASQUEFA,931174080
AULA TECNOMEDIA SLU (B64064991),SEU CENTRAL,MERIDIANA 358 4RT A-B ,08027,BARCELONA,933459682
AURA ENERGIA S.L. (B65552432),SEU CENTRAL,BARCELONA 109 3º PLANTA ,08970,SANT JOAN DESPÍ,931180600
Aura REE SLU (B86833746),SEU GIJON,Profesor Potter 183  Parque Científico Tecnológico de Gijón,33203,GIJÓN,+34 672 361 377
AUTOESCOLA MONTESÓ SL (B43431402),DELEGACIÓ FERRERIES,ESTADI 3 BAIXOS ,43500,TORTOSA,658866813
AVANCEM AMB VOSTE SL (B63705305),SEU CENTRAL,ALMOGAVARS 78-80  ,08018,BARCELONA,902900599
"AVANDE SPAIN, S.L.U. (B62352216)",SEU CENTRAL,SANT GERVASI 51 4 PLANTA ,08022,BARCELONA,934459302
"AVANDE SPAIN, S.L.U. (B62352216)",SEU SANT CUGAT,DE LA GENERALITAT 171-173  ,08174,SANT CUGAT DEL VALLÈS,654328919
AVANSIS INTEGRACION SL (B80802374),DELEGACIÓN ALCORCÓN,CERCEDILLA 7  ,28925,ALCORCÓN,915768484
AVANTI GROUP INGENIERIA DE COSTES S.L (B86725728),SEDE CENTRAL,MARQUES DE MONISTROL 7 BAJO LATERAL ,28011,MADRID,673625540
"Avanttic consultoria tecnológica, S.L. (B17760299)",Central Aragó,Aragó 182 4a planta ,08011,BARCELONA,93 151 54 51
AVELLANA DIGITAL SL (B43687276),SEU CENTRAL,CLOSA DE MESTRES 11  ,43204,REUS,977300673
Averlance S.L. (B66196460),SEU CENTRAL,Diagonal 640 6ª planta ,08017,BARCELONA,629 05 79 62
Averlance S.L. (B66196460),OFICINA CENTRAL,EUROPA 6-8  ,08902,"HOSPITALET DE LLOBREGAT, L'",629057962
"AWERTY SERVICIOS INFORMÁTICOS, S.L. (B61361556)",SEU CENTRAL,VALÈNCIA 279 4T-1A ,08009,BARCELONA,656843355
AXON WEB SL (B25801291),SEU CENTRAL,AGUSTINS 7  ,25001,LLEIDA,973193663
AXONSYSTEM SL (B65106627),SEU CENTRAL,ESTEVE TERRADES 1  OF. 120A,08860,CASTELLDEFELS,934137762
AYESA ADVANCED TECHNOLOGIES SA (A41132036),TORRE SEVILLA,MARIE CURIE 2  ,41092,SEVILLA,954467046
AYUNTAMIENTO DE FORMENTERA (P0702400C),Oficina de Noves Tecnologies,De la Constitució 5 1er ,07860,FORMENTERA,673632028
"B2MARKETPLACE ECOMMERCE CONSULTING GROUP, S.L. (B87932646)",SEU CENTRAL,DEL POETA JOAN MARAGALL 51 PLANTA 4 OF. 1 ,28020,MADRID,627077718
"BABEL SISTEMAS DE INFORMACION, S.L. (B83603191)",SEDE TRES CANTOS,RONDA DE LA LUNA 22  ,28760,TRES CANTOS,917452370
BACARDI ESPAÑA  SA (A08005746),SEU - PLAÇA CATALUNYA,CATALUNYA 1 6A PLANTA ,08002,BARCELONA,935657100
BADALONA PAC S.L (B58067364),SEU CENTTRAL,DEL REC MOLINAR 13  ,08160,MONTMELÓ,933844361
BADALONA SERVEIS ASSITENCIALS SA (A59551655),SEU CENTRAL,PAU CASALS 1 TORRE  ,08911,BADALONA,934648300
Badum Xas (G67118315),SEU CENTRAL,Sagrada Familia 4 Bajos 1 ,08924,SANTA COLOMA DE GRAMENET,676 26 74 54
BANDALUX INDUSTRIAL SA (A08999161),SEU CENTRAL,SANT JULIÀ 235  ,08403,GRANOLLERS,938615090
BARCELONA SMART TECHNOLOGIES S L (B66849514),URBIOTICA,JOAQUIM MOLINS 5 4RT 4A ,08028,BARCELONA,931691731
"BARNACIBER, SCCL (F62466958)",OFICINES MAD SYSTEMS,OBLIT 62  LOCAL,08041,BARCELONA,934335160
BASE TECHNOLOGY & INFORMATION SERVICES S.L. (B65208183),OFICINES PEDRERA,DE GRÀCIA 92 1R 2A ,08008,BARCELONA,636125130
Basenet Internet Services sl (B93436723),SEU CENTRAL,MARIE CURIE 15 BAJO 3 ,29590,MÁLAGA,647970860
BDO AUDITORES SLP (B82387572),OFICINAS BARCELONA,SANT ELIES 29-35 ESCALERA B 5ª PLANTA ,08006,BARCELONA,932098802
BEEKO ENGINEERING SOLUTIONS S.L (B43987783),SEU CENTRAL,"MOLL DE LLEVANT, B5 1R BLOQUE 5, 1º PLANTA OFICINA DERECHA",43004,TARRAGONA,977232780
"BEKODO DATA SERVICES, SL (B64845712)",OFICINA PELAI,PELAI 56 3-4 ,08001,BARCELONA,902006647
BEMOBILE CLIENT S.L (B66687526),BEMOBILE CLIENT S.L,DE GRACIA 101 1º 3º ,08008,BARCELONA,93 676 23 21
BETWEEN TECHNOLOGY S.L.U. (B62257613),SEU CENTRAL,MERIDIANA 358  8º PLANTA,08027,BARCELONA,933141925
"BEUMER GROUP TECHNOLOGY IBERIA, S L (B84056175)",Seu central,Gran Via  de l'Hospitaltet 16-20 4-B ,08902,"HOSPITALET DE LLOBREGAT, L'",930009799
BIG SAFEBOX DATA SL (B55259089),SEU CENTRAL,FAGES DE CLIMENT 36  OFICINA 1.4,17600,FIGUERES,872.591342
BIMIND IT SL (B64830631),Seu Central,Gal·la Placidia 5-7 Esc. C 8è 2a ,08006,BARCELONA,931138042
BINSA SOFTWARE SL (B61841532),SEU CENTRAL,SALUT 47  ,08202,SABADELL,937251388
BIT GENOMA DIGITAL SOLUTIONS SL (B67166132),APPFEEL,PRIM 26 LOCAL ,08911,BADALONA,931452075/67987
"BIT4ID IBÉRICA, S.L. (B63622252)",SEU CENTRAL,Marie Curie 8-14  ED. BARCELONA ADVANCED INDUSTRY PARK,08042,BARCELONA,935353518
BLAU ADVISORS STRATEGIC PARTNERS SL (B43741172),SEU CENTRAL,MOLÍ DE GUASCH 10 BAIXOS 1ª ALFONS.BATALLER@BLAUADVISORS.COM,43440,"ESPLUGA DE FRANCOLÍ, L'",977870702
"BLUEKIK ,S.L. (B67276857)",SEU CENTRAL,CALÀBRIA 149 - 151 ENTLO. 4 ,08015,BARCELONA,609439179
BON PREU SAU (A08665838),SEU CENTRAL,C-17 KM 73  ,08509,"MASIES DE VOLTREGÀ, LES",938123245
BOOTDEVELOP SL. (B66549098),SANT CUGAT,RIUS I TAULET 29 3-1 ,08172,SANT CUGAT DEL VALLÈS,600071911
BOSCH SERVICE SOLUTIONS (A82419748),DELEGACION VIGO,DE  MADRID 183  ,36214,VIGO,986900849
BOTSLOVERS S.L (B88272646),SEDE CENTRAL,MANZANARES 4 3 ,28005,MADRID,658568561
BRACKETSLAB S.L. (B66688870),seu CORNELLÀ,"de la Pau S/N  edifici 3, planta 3",08940,CORNELLÀ DE LLOBREGAT,610709187
BRACKETSLAB S.L. (B66688870),SEU CENTRAL,Casp 130  ,08013,BARCELONA,610709187
BRAIN UP CREATIVE WEAR SL (B65878969),BRAIN UP GRUP,SANT PAU 9  ,08221,TERRASSA,650926541
"Brain Updaters, SLL (B55216519)",Brain Updaters,Major 120 2-2 ,17190,SALT,620985259
BRAYAN BERMUDEZ LUQUE (26975693M),DREAMS APPS CREATIVE,VALLE INCLÁN 2  ,18003,GRANADA,95809636
BROTHADS 91 SL (B55742183),SEU CENTRAL,Reco de l'hospital 5 2º 2ª ,43890,VANDELLÒS I L'HOSPITALET DE L'INFANT,655962786
BTACTIC SCCL (F25708587),SEU CENTRAL,BALMES 34 4T 1B ,25006,LLEIDA,663318350
BUGA INTERNET SL (B64471659),SEU MATARÓ,PABLO IGLESIAS 63 1 PLANTA ,08302,MATARÓ,659092933
BUSINESS TIC CONSULTORIA SC (J65799900),SEU CENTRAL,de les Flors 14  ,08500,VIC,938836899
CAHODA CONSULTING SLNE (B64822158),SEU CENTRAL,"Francesc Camprodon 16 Entresuelo, izquierda. ",08500,VIC,638223133
CAMALEON SYSTEMS GROUP SL (B64404619),SEU CENTRAL,SANT JULIA 1  ,08403,GRANOLLERS,938709030
CANOVAS OFFICE & PRODUCTS SL (B60864428),SEU CENTRAL,PUJADES 162  ,08005,BARCELONA,933096683
"CAPGEMINI, SL (B08377715)",CAPGEMINI MURCIA,NELVA 1  URBAN CENTER,30006,MURCIA,868 030 225
CARLES ROMERO SAEZ (77913465E),STARCUINA,SANTA COLOM 68  ,17800,OLOT,972269557
"CARLOS CASTILLA INGENIEROS, SA (A43066299)",SEU CENTRAL,DE LA INFORMÀTICA 5  ,43330,RIUDOMS,902021022
CARNICAS GINES SL (B61020129),SEU CENTRAL,EBRO 42  ,08223,TERRASSA,937452800
"CASH MASTER NET MARKETING, S.L. (B55651970)",SEU CENTRAL,DE REUS 7  ,43391,VINYOLS I ELS ARCS,977791440
CATALANA DE TECNOLOGIES DE LA INFORMACIÓ APLICADES SL (B64169295),SEU CENTRAL,Casp 15 6è A ,08010,BARCELONA,933055707
CBCN SOLUCIONES Y EQUIPOS MULTIFUNCIONALES SL (B65595621),SEU CENTRAL,ESPRONCEDA 333  ,08027,BARCELONA,933036211
CCALGIR SL (B17845116),SEU CENTRAL,SANT FRANCESC 13  ,17001,GIRONA,972 205 816
CENTRAL CASH GESTION Y DESARROLLO SL (B65964991),CENTRAL CASH,HOSPITALET 147  ,08940,CORNELLÀ DE LLOBREGAT,931158080
CENTRE D'ATENCIO I GESTIO DE TRUCADES D'URGENCIA 112 CATALUNYA (Q0801643H),CENTRE A REUS,DELS PAGESOS 2  ,43204,REUS,935512156
CENTRO CÁLCULO IGS SOFTWARE SL (B43609650),SEU CENTRAL,CAMÍ DE LA COMA NAU 8  ,43140,"POBLA DE MAFUMET, LA",977840444
CENTRO DE CALCULO IGS SOFTWARE SL (B43609650),SEU POBLA MAFUMET,DE LA COMA NAU 8  ,43140,"POBLA DE MAFUMET, LA",977840444
CENTRO DE ESTUDIOS Y SISTEMAS INFORMATICOS SL (B60305349),SEU CENTRAL,DE LA JOTA 73  ,08016,BARCELONA,933400365
CENTRO ESPECIALISTA EN REDES ORGANIZATIVAS. S.L. (B64567944),SEU CENTRAL,TINENT FLOMESTA 5 LOCAL 1 ,08028,BARCELONA,691548438
"CENTRO SUPERIOR DE ALTOS ESTUDIOS INTERNACIONESLES, S.L. (B66346925)",SEU CENTRAL,DIAGONAL 662 - 664  ,08034,BARCELONA,934928215
CESC-IT ENGINYERIA DEL SOFTWARE SL (B65399735),SEU CENTRAL,Ral de la Mercè 495 2 4 ,08302,MATARÓ,937023207
CESC-IT ENGINYERIA DEL SOFTWARE SL (B65399735),SEU CENTRAL,JOAN XXIII 19 2on 2na ,08320,"MASNOU, EL",937023207
CFA PROSPERITAT (S0800554H),CFA PROSPERITAT,JOAQUIM VALLS 82  ,08016,BARCELONA,933545216
CHATU-TECH SL (B66945189),SEU CENTRAL,ALBINYARA 109-113  ,08223,TERRASSA,646037246
CIFRAS DE NEGOCIO SL (B65587453),SEU CENTRAL,ECUADOR 42 1O ,36203,VIGO,649897684
CIGAHOTELES ESPAÑA SLU (B28127835),HOTEL W BARCELONA,ROSA DELS VENTS 1  ,08039,BARCELONA,932952899
CIRSA SERVICIOS CORPORATIVOS SL (B25421199),DELEGACIO TERRASSA(NORTIA),CASTELLAR 338  ,08226,TERRASSA,937396332
CISTEC TECHNOLOGY SL (B71132047),CISTEC,LARRAZKO 93 LOCAL 7 ,31013,ANSOAIN,948318180
CLAPP INNOVATIONS SL (B66751678),SEU CENTRAL,ESPERANZA 6  ,08017,BARCELONA,678934599
"CLICK & DO, SL (B62380993)",SEU CENTRAL,PELAI 8 2 ,08001,BARCELONA,934120980
CLICK IT TECHNOLOGIES SL (B64894363),CLICK-IT TECHNOLOGIES VILADECANS,CATALUNYA 74  ,08840,VILADECANS,696199965
CLICK SCCL (F17466780),SEU CENTRAL,DE LA INDÚSTRIA 7 1R-A ,17460,CELRÀ,677577964
"CLICKANDCARGO, S.L. (B67029074)",Seu central,Laietana 54 209 ,08003,BARCELONA,629245379
CLUB D'ESQUI ACADEMIA TECNICA (G25241373),SEU CENTRAL,ROVIRA ROURE 4  ,25006,LLEIDA,973235986
CODE21 SOLUCIONES INFORMÁTICAS Y TECNOLÓGICAS SL (B23741770),SEDE CENTRAL,MAESTRO TOMÁS FERNÁNDEZ PARRAS LOCAL 1  ,23006,JAÉN,953369834
CODITRAMUNTANA S.L. (B55164727),SEU CENTRAL,PIC DE PEGUERA 15  ,17003,GIRONA,972183487
COFRE ON LINE LTD (SUCURSAL EN ESPAÑA) S.L. (W8263239I),SEU CENTRAL,LORENZO ABRUÑEDO 16  ,33013,OVIEDO,717719181
COGNICASE MANAGEMENT CONSULTING SL (B80440795),SEDE CENTRAL,SAN LUIS 25  ,28033,MADRID,915556238
"COGNODATA CONSULTING, S.L. (B83174003)",SEDE CENTRAL,DE LA CASTELLANA 135 PLANTA 15 ,28046,MADRID,914116315
COMPSAONLINE SL (B25514811),SEU CENTRAL,DOCTOR FLEMING 57  ,25600,BALAGUER,973443235
COMPUTER DESARROLLOS INFORMÁTICOS S.L. (B62295217),SEU CENTRAL,JAUME I 145  ,08100,MOLLET DEL VALLÈS,935937501
COMPUTER SCIENCES BRAND S.L. (B64646789),SEU CENTRAL,MALLORCA 272 2n 3a ,08037,BARCELONA,932186965
CONNECTIS ICT SERVICES S.A.U. (A48263693),SEU BARCELONA,ROSELLÓ I PORCEL 21 11º ,08016,BARCELONA,934127707
CONSELL COMARCAL ALT PENEDÈS (P5800013D),SEU CENTRAL,HERMENEGILD GLASCAR 1-3  ,08720,VILAFRANCA DEL PENEDÈS,938900000
CONSERVAS DANI SAU (A58327859),SEU CENTRAL,"ELS GARROFERS, PARCEL.LA 32-35-37  ",08340,VILASSAR DE MAR,937540700
CONSORCI PER A LA CONSTRUCCIO EQUIPAMENT I EXPLOTACIO  LABORATORI DE LLUM DE SINCROTRON (Q0801209H),SINCROTRO ALBA,DE LA LLUM 2-26  CERDANYOLA DEL VALLES,08290,CERDANYOLA DEL VALLÈS,935924300
CONSULTORES DE INGENIERIA MECANICA WORKS SL (B61335691),SEU CENTRAL,ORIENT 78 - 84 PLT 4 OFIC 7 Y 8  ,08172,SANT CUGAT DEL VALLÈS,935441460
CONSULTORES DE TECNOLOGIAS DIGITALES (B67009696),SEU CENTRAL,DIAGONAL 441 6ºD ,08036,BARCELONA,690631205
CONSULTORES Y DESARROLLOS INFORMATICOS DE SISTEMAS SL (B14618086),SEU CENTRAL,DE LA CONSTITUCIÓN 17 PASAJE ,14550,MONTILLA,957656872
CORPORACIÓ ALIMENTÀRIA GUISSONA SA (A25445131),SEU CENTRAL,TRASPALAU 8  ,25210,GUISSONA,973550100
COSTAISA SA (A08224826),SEU CENTRAL,EUTERPE 11  ,08017,BARCELONA,932536100
CREASOFT SL (B43556042),SEU CENTRAL,ILLA DEL POLIGON 23 C  ,43800,VALLS,977600886
CREF 2014 SL. (B55188692),SEU CENTRAL,CAN CULEBRA 21  ,17162,BESCANÓ,972414000
CRITERIA RECURSOS HUMANOS SL (B62278783),SEU CENTRAL,TUSET 19 2 ,08006,BARCELONA,932652677
CROMLEC SUPORT TECNOLOGIC S.L. (B63727283),SEU CENTRAL,LUXEMBURG 2  ,08191,RUBÍ,93 697 40 00
"CROSSBOW AND HILLS, S.L. (B65921884)",SEU CENTRAL,CATALUNYA 13 3r 3a ,08007,BARCELONA,607722882
CRUZ ROJA ESPAÑOLA (Q2866001G),ASSEMBLEA PROVINCIAL BARCELONA,JOAN D'AUSTRIA 120  ,08018,BARCELONA,934890088
CSB-SYSTEM ESPAÑA SL (B25374570),SEU CENTRAL,CAMÍ DE CORBINS 7  ,25005,LLEIDA,610419426
CTAIMA OUTSOURCING & CONSULTING SL (B43715812),SEU CENTRAL,SALVADOR ESPRIU 18  ,43007,TARRAGONA,977291380
"CUALIFIL, S.L. (B60656709)",SEU CENTRAL,CASP 126  ENTLO 4ª,08013,BARCELONA,932659070
CUBIK SYSTEMS S.C (J72353006),SEU CENTRAL,PRIM 51  ,11300,"LINEA DE LA CONCEPCION, LA",603030030
CUBUS GAMES SL. (B66215153),SEU CENTRAL,Barcelona 105  Ignova Tecnoespai D1,08700,IGUALADA,658 16 98 12
Cybersoc Emea Center S.L (B87634325),SEU BARCELONA,ROC BORONAT 117 5A PLANTA ,08018,BARCELONA,932804040
DABASYSTEM SOLUTIONS S.L. (B67194621),SEU CENTRAL,DE L'ESCOLA IDUSTRIAL 9 4T 2ª ,08201,SABADELL,652395331
DAE ENGINEERING AND PRODUCT DEVELOPMENT SL (B66391012),SEU CENTRAL,MARIE CURIE 8-14 MÒDUL B002 ,08042,BARCELONA,930176559
DANIEL AGUILAR SERRÁN (46654079M),CENTRO DE FORMACION VIAL DAS,L'ESTATUT 14  ,08191,RUBÍ,619524710
Daniel Gil Sancho (48234897X),Daniel Gil Sancho,Concepció 6 1º 3ª ,08903,"HOSPITALET DE LLOBREGAT, L'",687575635
DANTIA TECNOLOGIA SL (B11702487),DATACENTER JEREZ,AGRICULTURA 10  ,11407,JEREZ DE LA FRONTERA,956182122
DANZAI SOFTWARE SL (B86970001),DELEGACIÓ GIRONA,SERRA VALL LLOREDA 4 B ,17003,GIRONA,972400071
DATA PROCES SL (B08603748),SEU CENTRAL,ENRIC PRAT DE LA RIBA 58  ,08401,GRANOLLERS,938706397
DE LA TORRE MANUFACTURA DEL TAPIZADO S.L. (B66855495),SEU CENTRAL,SANT JOAQUIM 76  ,08520,"FRANQUESES DEL VALLÈS, LES",938495827
DECOFLAT SL (B62339999),SEU CENTRAL,BAILEN 200  ,08037,BARCELONA,634521347
DEIDEAS MARKETING SOLUTIONS 2012 S.L. (B66210493),SEU CENTRAL,MADRID 192 ENTLO. 4 ,08032,BARCELONA,932808962
DEIDEAS MARKETING SOLUTIONS 2012 S.L. (B66210493),DEIDEAS MARKETING SOLUTIONS,GALILEU 170 LOCAL 3 ,08028,BARCELONA,932221246
"DEISTER, S.A. (A58738147)",SEU CENTRAL,SANT PERE CLAVER 15 BAIXOS ,08017,BARCELONA,932063298
DELOITTE ADVISORY SL. (B86466448),SEDE CENTRAL,Diagonal 654  ,08034,BARCELONA,932533721
"DELSYS SOFTWARE, S.L (B17731456)",SEU CENTRAL,CENTRE D'EMPRESES S/N  ,17178,"PRESES, LES",670 440 999
DELTA STOCKS LOGÍSTICS GLOBAL SL (B55712723),SEU CENTRAL,PARTIDA MAS D'EN CARRASCA PG 54 PL73  ,43870,AMPOSTA,619993863
DEMOMENTSOMTRES SL (B65921264),SEU CENTRAL,PARELLADA 18 2n ,08720,VILAFRANCA DEL PENEDÈS,609 311 444
DESARROLLOS INDUSTRIALES BARCELONA 98 SL (B61671731),SEU CENTRAL,SANT ELIES 11 102 ,08006,BARCELONA,934147483
DESARROLLOS INFORMÁTICOS AVANZADOS DEL SUR S.L. (B91843177),SEU CENTRAL,DE LA INNOVACIÓN 3 PLANTA3 OFICINA 9,41020,SEVILLA,605876721
DEVINET 2013 SLU (B66111550),SEU CENTRAL,VALLSECA 8 BAIXOS LOCAL,08024,BARCELONA,931801823
DIDAC BOLEAS VENTURA (53325442B),AVP INFORMATICA,BALEARES 13 LOCAL 2 ,08921,SANTA COLOMA DE GRAMENET,934685090
DIGITAL GOALS SLU (B66823311),SEU CENTRAL,JOSEP MARIA FOLCH I TORRES 12 2A ,08401,GRANOLLERS,938706589
"DIGITAL LOLA COMMERCE, S.A.U. (A58028655)",VENCA,DE LES OLIVERES 1  ,08800,VILANOVA I LA GELTRÚ,938169706
DIGITALDOT SERVICIOS INFORMATICOS SL (B73821019),OFICINA .,JUANA JUGAN 26 3º A  ,30006,MURCIA,673680022
DISGRAFIC ITEC SL (B17975798),SEU CENTRAL,SANT MER 10  ,17820,BANYOLES,653391064
DISI SERVICIOS INFORMÁTICOS SL (B55722920),SEU CENTRAL,ROSSELLÓ 3 1 ,43500,TORTOSA,977448286
"DOCKSET COMUNICACIÓ, SL (B55646954)",SEU CENTRAL,TERRASSA 7  ,43204,REUS,977786 429
DOIT SISTEMAS MULTISENSORIALES SL (B55710388),SEU CENTRAL,LEPANTO 32 BAIXOS ,43203,REUS,619082132
DOME CONSULTING & SOLUTIONS S.L (B57023533),SEDE CENTRAL,GALILEO GALILEI S/N LOCAL 14 EDIFICIO U,07121,PALMA DE MALLORCA,902889288
DOMO21 INGENIERIA E INSTALACIONES SL (B64648546),SEU CENTRAL,CERÀMICA 1  ,08110,MONTCADA I REIXAC,935641673
DORTOKA DISSENY SL (B62765334),SEU CENTRAL,PRESIDENT COMPANYS 100 3º1ª ,08911,BADALONA,933846438
DOW CHEMICAL IBERICA sl (B48011670),SEU LA POBLA,CRACKER S/N  ,43140,"POBLA DE MAFUMET, LA",977559439
DRIBBA DEVELOPMENT & CONSULTING SL (B08922049),SEU CENTRAL,TORRENT DE L'OLLA 218 - P. 1  ,08012,BARCELONA,934089030
DSD0 SCCL (F63181135),SEU BARBERÀ,BARCELONA 290 1A PLANTA OFICINA 5,08210,BARBERÀ DEL VALLÈS,938 492 676
DT INFORMATICA SL (B60140712),SEU CENTRAL,GALL 24-28 1R 1A ,08950,ESPLUGUES DE LLOBREGAT,933223800
DUPPCOM INGENIERIA Y SERVICIOS S.L (B55552335),SEU CENTRAL,ANTONI GAUDI 2 BAIXOS ,43142,"ROURELL, EL",977333773
Dynamics Quality Services Consulting Group S.L. (B66382862),SEU CENTRAL,Gran via de les corts catalanes 133 7A ,08014,BARCELONA,617891178
E-PORTS AMPLE DE BANDA SL (B55688410),SEU CENTRAL,Hierro Labèrnia 2 BAIXOS ,43520,ROQUETES,977588667
"E2BP, ENTERP. BUSINESS PROFESSIONALS, SL (B66311341)",ToBeIT,MALLORCA 272 P 8 ,08037,BARCELONA,696090362
E2S Creativa SL (B64504319),E2S,Alfons XII 20  ,08241,MANRESA,938684697
"EBRE SOFT CONSULTING, SL (B55643514)",SEU CENTRAL,MOREIRA 20  ,43500,TORTOSA,977448228
ED SERVICIOS TECNICOS DE INGENIERIA & CONSULTORIA SL (B61888442),SEU CENTRAL,ARIBAU 143 1º 2ª ,08036,BARCELONA,933637960
EDISA ASTURIAS SA (A33216086),SEDE CENTRAL,PADRE SUAREZ 35 BAJO ,33009,OVIEDO,985228811
EFFENMARK ASESORES ENERGETICOS S.L. (B66780990),SEU CENTRAL,Tecnologia 17 Planta 0 Edifici Canada,08840,VILADECANS,717778100
EFFORWAI DIGITAL TRANSFORMATION sl (B67549659),SEU CENTRAL,ERNEST LLUCH 32  TCM2,08302,MATARÓ,636976897
EFIMÀTICA ASSESORAMENT INFORMÀTIC SL (B55060420),DEPARTAMENT ASSESORAMENT INFORMÀTICA,GENERAL MENDOZA 1 5-A ,17002,GIRONA,972205212
EMC SOFWARE JURIDICO. S.L (B66626524),SEDE ARAGO,ARAGO 178-180 ENTRLO. 1ª ,08011,BARCELONA,932384761
EMERGEN-DISC S.L. (B60594710),WAKA SABADELL,NARCIS MONTURIOL 12  ,08192,SANT QUIRZE DEL VALLÈS,607653267
EMERGIA CONTACT CENTER SL (B63691570),SEDE MADRID,ENSANCHE DE VALLECAS 37  ,28051,MADRID,622203819
EMFASI COMUNICACIÓ DIGITAL SL (B64814262),SEU CENTRAL,RAMBLA 62 1R 2A ,08201,SABADELL,937278606
EMPRESA DE PROVA (00000000T),DELEGACIO BEGUR,BEGUR 234  ,08950,ESPLUGUES DE LLOBREGAT,24234234224234
ENERGY SOFTWARE FACTORY SLU (B67318501),SEU CENTRAL,VAYREDA 5 - ,17800,OLOT,692040650
"Enginyeria i Serveis Informàtics, S.L. (B17248782)",SEU CENTRAL,de Salt 19 1er-G ,17005,GIRONA,93.254.15.30
"ENGINYERIA INFORMÀTICA OLOT, S.L. (B17408071)",SEU CENTRAL,GIRONA 23  ,17800,OLOT,972271868
ENTERPRISE CONSULTING TRAINING SLU (B65346025),SEU CENTRAL,CALABRIA 106 ENTRESUELO ,08015,BARCELONA,600497410
Enttia 3000 S.L. (B62709464),SEU CENTRAL,Terrassa 71 baixos ,08205,SABADELL,937450700
ENVASES PLÁSTICOS DEL TER SA (A17013442),SEU CENTRAL,CARRER DE LA INDUSTRIA 1  ,17257,TORROELLA DE MONTGRÍ,600537819
EOI DE CORNELLÀ DE LLOBREGAT (S0800541E),SEU CENTRAL,IGNASI IGLESIAS S/N  ,08940,CORNELLÀ DE LLOBREGAT,933778177
EPIC SOLUTIONS SL (B43757996),DEPARTAMENT D'INFORMATICA,"BELLISENS 42  EDIFICI TECNOPARC, OFICINA 113",43204,REUS,977756775
ESBLADA INDUSTRIAL SOLUTIONC SLP (B63373823),SEU CENTRAL,NOVA 52 ESCALA C ,08530,"GARRIGA, LA",938612171
ESCOLA PIA DE GRANOLLERS (R0800590B),SEU CENTRAL,GUAYAQUIL 54  ,08401,GRANOLLERS,938794314
ESCUELA DE CIENCIAS INFORMÁTICAS S.L (B37315363),SEDE CENTRAL,BERNARDO MARTÍN PÉREZ 3 BAJO ,37005,SALAMANCA,923257339
ESTABANELL Y PAHISA ENERGIA  S.A. (A61121752),SEU CENTRAL,REC 28  ,08401,GRANOLLERS,938609100
"ESTUDIO GENESIS PROJECTS, SL (B43526656)",DELEGACIO REUS,PRIM 10  ,43201,REUS,677140050
EUROCIO FREETIME S.L (B65878555),SUBASTA DE OCIO,PAMPLONA 96-104  LOCAL 17,08018,BARCELONA,936675652
EUROFOR CENTRO DE FORMACION SL (B50712157),DELEGACIÓN PLAZA ROMA,ROMA BLOQUE F1  ,50010,ZARAGOZA,976467676
EUROPASTRY SA (A58695032),FABRICA VALLMOLL,PERE GALLES S/N  ,43144,VALLMOLL,977637824
EUROPEA ADVISOR SL (B72228794),SEDE CENTRAL,DEL PUERTO 2 3A ,11006,CÁDIZ,956900078
EVERIS BPO SLU (B91251082),SEU CENTRAL,DIAGONAL 605 4 PLANTA ,08028,BARCELONA,934947700
"EVERIS CENTERS, S.L.U. (B84861178)",EVERIS MURCIA,JUAN CARLOS I S/N  EDIFICIO TORRE DE CRISTAL,30100,CASAS DE LOS LADRILLOS,968498100
"EVERIS CENTERS, S.L.U. (B84861178)",Everis sevilla,Américo Vespucio 5 2C Edificio Cartuja,41092,SEVILLA,954989710
"EVERIS CENTERS, S.L.U. (B84861178)",SEU ALACANT,OSCAR ESPLA 37 2A PLANTA ,03007,ALACANT/ALICANTE,965146920
"EVERIS CENTERS, S.L.U. (B84861178)",EVERIS SALAMANCA,SEGUNDA 16  ,37188,CARBAJOSA DE LA SAGRADA,923126287
EVERIS SOLUCIONES TECNOLOGICAS S.L.U (B50835669),SEU CENTRAL,"ANTONIO BELTRAN MARTINEZ 1, EDIFICIO EL TROVADOR PLANTA 9 ",50002,ZARAGOZA,976482080
EVERIS SPAIN SLU (B82387770),SEU BARCELONA,DIAGONAL 605 4 ,08028,BARCELONA,934947700
EVERIS SPAIN SLU (B82387770),SEU CENTRAL,MONOTERAS 52  ,28050,MADRID,91749000
EVERIS SPAIN SLU (B82387770),EVERIS MADRID,FUENTE DE LA MORA 1  ,28050,MADRID,917490000
EXPOMARINE & BOATS  S.L. (B64202583),SEU CENTRAL,MARINA LOCAL 11  PORT OLIMPIC,08005,BARCELONA,620462993
EXTRA SOFTWARE SA (A78924818),SEU GRANOLLERS,EQUADOR 3  ,08402,GRANOLLERS,938604670
"EY TRANSFORMA SERVICIOS DE CONSULTORIA, SL (B88428404)",SEDE CENTRAL,RAIMUNDO FERNÁNDEZ VILLAVERDE 65  ,28003,MADRID,915727360
"FA ASESORÍA GLOBAL GESTIONES, TRAMITES Y SERVICIOS,SL (B66822255)",SEU CENTRAL(FA ASESORÍA),"JOSEP TARRADELLAS, 134 BAJOS  ",08029,BARCELONA,935140604
FACTORYTEL COSTA DEL SOL SL (B93375301),SEU CENTRAL,DE LA CONSTITUCIÓN 6  ,29631,ARROYO DE LA MIEL,670607006
FAMA SYSTEMS S.A. (A61446308),SEU CENTRAL,CARLOS III 98 3ª PLANTA ,08028,BARCELONA,932253998
FARANDSOFT SL (B63900856),SEU CENTRAL,AMÉRICA 10 LOCAL DRETA ,08304,MATARÓ,937569330
FEDERACIÓ DE SERVEIS PÚBLICS UGT DE CATALUNYA (G78085149),SEU CENTRAL,DEL RAVAL 29-35 3 ,08001,BARCELONA,932956116
FERRAN MASÓ BUSQUETS (43633051G),"FERRAN MASÓ, SERVEIS INFORMÀTICS",D'OLOT 21  ,17176,"VALL D'EN BAS, LA",696510385
"FEWLAPS, SL (B55255582)",SEU CENTRAL,ALT 5  ,17750,CAPMANY,616333383
FHIOS CONSULTORA TECNOLÓGICA S.L (B64720782),SEU CENTRAL,ÁLAVA 138 2 ,08018,BARCELONA,699846333
FLEXXIBLE INFORMATION TECHNOLOGY SL (B63002927),SEU CENTRAL,VINYALS 131  ,08221,TERRASSA,937880333
FLOORFY SL (B66704735),SEU CENTRAL,FERLANDINA 47 LOCAL ,08001,BARCELONA,627041190
FLUENDO SAU (A64001217),SEU CENTRAL,DIAGONAL 593-595  ,08014,BARCELONA,935220112
FLYKUBE SL (B67040998),SEU CENTRAL,Gran Via 415 Ent 1a ,08015,BARCELONA,607922396
FMJ INGENIEROS SL. (B65324311),SEU CENTRAL,VAPOR GORINA 9 - BJ  ,08202,SABADELL,93 118 88 88
"FREEMATICA ESPAÑA, S.L (B61503918)",SEU CENTRAL,FRANCESC MACIÀ 60 PLANTA 18 ,08206,SABADELL,687.750.428
FRESHLY COSMETICS SL (B55666143),SEU CENTRAL,Nicaragua 36  ,43204,REUS,684151701
FUNDACIÓ ADSIS (G81436099),SEDE MADRID,PEÑASCALES 14 BAJO IZQUIERDA ,28028,MADRID,606208200
FUNDACIÓ PRIVADA TALEIA PER AL FOMENT DE LA FORMACIÓ (G66065590),VIOD GAME STUDIO,DIPUTACIÓ 277  ,08001,BARCELONA,934410004
FUNDACIO PRIVADA UNIVERSITAT I TECNOLOGIA (G60643558),SEU CENTRAL,SANT JOAN DE LA SALLE 42  ,08022,BARCELONA,932902400
FUNDACIÓ UNIVERSITAT OBERTA DE CATALUNYA (G60667813),SEU 22@ - POBLENOU,DEL POBLENOU 156  ,08018,BARCELONA,93 253 23 00
FUNDACIÓ UNIVERSITAT ROVIRA I VIRGILI (G43581321),CENTRE DE FORMACIÓ I INNOVACIÓ EN SIMULACIÓ JOSEP MARIA MARTÍNEZ CARRETERO (CFIS JMMC). UNITAT DOC,DOCTOR JOSEP LAPORTE 2  ,43204,REUS,977779967
"GABINET DISSENY GRÀFIC, S.L. (B17221748)",SEU CENTRAL,RAMON TURRÓ 7 ENT. 2A. ,17005,GIRONA,972216221
Garamond Publicitat SL (B43351410),SEU CENTRAL,Assemblea de Catalunya 3 Baixos ,43002,TARRAGONA,629824374
GARCIA FAURA SL (B58753005),SEU CENTRAL,RAURELL 37  ,08850,GAVÀ,936621441
GEPROM SOFTWARE ENGINEERING SL (B66844069),SEU CASTELLDEFELS,CAN RABADÀ 2 5-5 EDIFICIO LOGIC,08860,CASTELLDEFELS,933284328
"GESPRO INFORMÀTICS, SL (B25527276)",SEU CENTRAL,INDUSTRIAL LA COMA 2  NAVE 48,25243,"PALAU D'ANGLESOLA, EL",973311841
GESTINET INTERNET INFORMATICA SL (B64778996),SEU CENTRAL,DE MAR 53  ,08720,VILAFRANCA DEL PENEDÈS,938174025
GESTIÓ DE PROJECTES INFORMÀTICS SL (B17821232),SEU CENTRAL,SANT JORDI 168  ,17800,OLOT,972269574
GESTIÓ INTEGRAL SANITÀRIA I ASSISTENCIAL AIE (V43496652),HOSPITAL SAN JOAN DE REUS,JOSEP LAPORTE 2  ,43204,REUS,977308495
"GESTIÓ PIUS HOSPITALS DE VALLS, S.A (A43233618)",SEU CENTRAL,SANT FRANCESC 1  ,43800,VALLS,977613000
GESTION EMPRESARIAL GLOBALIA SL (B25682600),SEU CENTRAL,RICARD VIÑES 22  ,25006,LLEIDA,646414363
GESTION EXTERNA DE SISTEMAS SLU (B62308697),SEU CENTRAL,TELERS 5 B LOCAL 6 ,08221,TERRASSA,627461904
GFK EMER AD HOC RESEARCH (B46175931),DELEGACIÓN MADRID,LUCHANA 23 6 ,28010,MADRID,915919940
GFT IT CONSULTING SL (B63043251),SEU LLEIDA,TURO DE GARDENY EDIFICI H1  PCITAL,25003,LLEIDA,93 563 91 00
"GLOBALSTECH DEVELOPMENT, S.L (B55690614)",SEU CENTRAL,CIRERA 6 3/3 ,43500,TORTOSA,977783210
GM CLOUD DESIGN 2011 SL (B55260772),SEU CENTRAL,CAVALLERS 28 LOCAL 35 ,17200,PALAFRUGELL,681341197
GNA SERVEIS TELEMÀTICS SL (B17456773),SEU CENTRAL,BARCELONA 3 3ER 1ª ,17002,GIRONA,972209189
GOO APPS SL (B66761230),SEDE GIJON,PRADOS 166  ,33203,GIJÓN,656828020
GRADDO II SA (A79581856),SEDE CENTRAL,DE LOS ROSALES 42 4º 1ª PLANTA PORTAL 4 EDIFICIO NOVASUR,28021,MADRID,914286250
Grated Cheese Tech SL (B67178970),SEU CENTRAL,Bolivia 239 1r ,08020,BARCELONA,640199607
GRINDSOFT SL (B64592181),OFICINA MOLLET DEL VALLÈS,FRANCESC LAYRET 75 3-6 ,08100,MOLLET DEL VALLÈS,935703635
GRUP MIBEC SL (B25633942),SEU CENTRAL,INDUSTRIAL DELS FRARES 67  ,25191,LLEIDA,973275211
"GrupMicros Smart Solutions,S.L. (B43098136)",SEU CENTRAL,PUIGPELAT S/N  ,43886,RENAU,902196315
"GRUPO CV SERVICIOS PARA COMERCIANTES, S.L. (B64306467)",SEU CENTRAL,DIPUTACIÓN 235  ,08007,BARCELONA,639700022
Grupo De Escuelas De Matacan (S3722001I),SEU CENTRAL,madrid KM 14  ,37080,SALAMANCA,622600011
GRUPO DE REHABILITACION DE LA FAUNA AUTOCTONA Y SU HABITAT (G78456118),GREFA,MONTE DEL PILAR S/N  ,28221,MAJADAHONDA,645262347
"GRUPO EPOS IT LAB, S.L (B66817636)",SEU CENTRAL,PALLARS 4-6  3R 1A,08402,GRANOLLERS,93 159 83 33
"GRUPO GFI INFORMÁTICA, S.A. (A82206400)",SEU BARCELONA,DE GRÀCIA 44 3A. PLANTA ,08007,BARCELONA,674323857
"HABITATSOFT, S.L. (B61562088)",Seu Granollers,Anselm Clavé 69  ,08402,GRANOLLERS,902220125
HAIR AND BEAUTY CASH AND CARRY S.L. (B65472466),SEU CENTRAL,DE LA MORA 22  ,08918,BADALONA,932788943
"HAPPY COSTUMER BOX, SL (B66979113)",SEU CENTRAL,MARTORELL 95  ,08224,TERRASSA,676468444
HARDMAN INNOVATION SL (B55739601),SEU CENTRAL,GORRIA 75  ,43540,SANT CARLES DE LA RÀPITA,977 70 27 76
HEADER ACTIVE SERVICE GROUP SL (B65060493),SEU ALABA,ALABA 140 3ER 2A ,08018,BARCELONA,902360586
Health Time SL (B82066002),SEU CENTRAL,carmelo torres 2  ,23007,JAÉN,678730982
HELIPISTAS S.L. (B17530684),SEU CENTRAL,HELIPORT TERESA VILÀ S/N  ,08231,ULLASTRELL,627423236
HIBERUS IT DEVELOPMENT SERVICES S.L (B99537854),SEDE CENTRAL,ISABEL LA CATOLICA 6 PLANTA 5 ,50009,ZARAGOZA,976106620
"Hiberus Tecnologia Serveis i Solucions, S.L. (B66865833)",Seu Barcelona,de Gràcia 11 C/2/4 ,08007,BARCELONA,931847283
HIDRO TARRACO SA (A43025618),SEU CENTRAL,ESTANY SN  ,43006,TARRAGONA,977556500
HIERROS TOUS S.L.U. (B63962831),SEU CENTRAL,C-17 KM  ,08150,PARETS DEL VALLÈS,667315542
HILARIO CRIADO LUIS DANIEL 000523796Q SLNE (B11777570),PCBOX CADIZ,PORTUGAL 27  ,11008,CÁDIZ,956078505
"HILOUD SOLUTIONS, S.L (B43990076)",seu central,Prades 19  ,43393,ALMOSTER,638342950
HISPAWORKS IBERICA DE TELECOMMUNICACIONES SL (B06565790),DELEGACIÓN BARCELONA,OSONA 8 BAJOS LOCAl,08023,BARCELONA,902190123
HMS Industrial Networks. SLU (B62202460),SEU CENTRAL,MILA I FONTANALS 7  ,08700,IGUALADA,938047134
"Holding Masoliver Olivas, SL (B55052476)",SEU CENTRAL,PUNTIA 18  ,17857,SANT JOAN LES FONTS,626041458
"HOMELYGROUP PROGRAM SYSTEM, S.L. (B67198390)",BedLoop. PLATAFORMA DE GESTIÓN INTEGRAL,CATALUNYA 103 3era PLANTA ,08008,BARCELONA,666393651
HOMERIA OPEN SOLUTIONS SL (B10379881),SEU CENTRAL,DE LAS CIENCIAS 2  EDIFICIO PCTEX,10004,CÁCERES,927257490
HOTEL TERMES DE MONTBRIÓ SL (B43452028),HOTEL TERMES MONTBRIO,NOU 38 38  ,43340,MONTBRIÓ DEL CAMP,977814000
"HOUND LINE, S.L. (B60268802)",SEU CENTRAL,PEDRO I PONS 9-11 4RT 3ª ,08034,BARCELONA,934147424
HUBIQUS CREATIVE SOLUTIONS SL (B93227312),SEDE CENTRAL,SEVERO OCHOA 27 OFICINA 12 ,29590,MÁLAGA,649 322 474
"HUGSA APLICACIONES, SL (B65013039)",SEU CENTRAL,PARIS 184  ,08036,BARCELONA,932385880
"Iber. Arqueologia, Patrimoni i Turisme SL (B55607857)",SEU CENTRAL,Paisos Catalans 18  ,43007,TARRAGONA,646 920 183
IBERMATICA SA (A20038915),OFICINA BARCELONA,DE LES CORTS 39-55  2N,08028,BARCELONA,932545700
"IDITIC SOFTWARE, S.L. (B72211915)",SEDE CENTRAL,SAN JUAN BAUTISTA 12 LOCAL A  ,11009,CÁDIZ,634402088
IGM WEB S.L. (B17619404),SEU GIRONA,"CENTRE D' EMPRESES - GIROEMPRÈN, C/ PIC DE PEGUERA 11  ALA A-DESPATX A·2·04 AL 07",17003,GIRONA,972487448
IGM WEB S.L. (B17619404),GRUPO HOTUSA,Mallorca 351  ,08013,BARCELONA,932681010
IMPULSO DIAGONAL SL (B67431684),SEU CENTRAL,LLIBERTAT 14 A ,08754,"PAPIOL, EL",695387501
"IN2 INGENIERIA DE LA INFORMACIÓN, S.L (B60645900)",SEU CENTRAL,DE GRÀCIA 73 ÀTIC ,08006,BARCELONA,902.881.776
INAUDIT DEVELOPING WEB S.L. (B67171280),SEU CENTRAL,MONTSERRAT 106  ,08770,SANT SADURNÍ D'ANOIA,937428902
INDIEHEALTH S.L. (B67258285),SEU CENTRAL,Universitat 15 1º 1ª ,08011,BARCELONA,669294044
"INDRA BPO SERVICIOS, SLU (B60096435)",BACK OFFICE - SERVEIS,TÀNGER 98  ,08018,BARCELONA,934632224
INDRA PRODUCCION SOFTWARE SLU (B88017660),DELEGACIÓ LLEIDA,TECNOLOGIC GARDENY H2 1a. Planta 1 ,25071,LLEIDA,973195313
INDRA PRODUCCION SOFTWARE SLU (B88017660),Seu Tarragona,TARRAGONA MOLLS Bloque 5 2A.2B  Port Tarraco,43004,TARRAGONA,935059668
"INDRA SISTEMAS, S.A (A28599033)",INDRA TORREJÓN,DE LOECHES 9  ,28850,MADRID,47285309T
INDRA SOLUCIONES TECNOLOGIAS DE LA INFORMACION SLU (B88018098),SEDE BARCELONA,DE LES CORTS CATALANES 130-136 PLANTA 6 ,08038,BARCELONA,932972600
INDRA SOLUCIONES TECNOLOGIAS DE LA INFORMACION SLU (B88018098),INDRA A CORUÑA,"DE POCOMACO PARCELA I, NAVE 19.  ",15190,POLIGONO DE POCOMACO,981911911
INDRA SOLUCIONES TECNOLOGIAS DE LA INFORMACION SLU (B88018098),INDRA MIGUEL YUSTE,MIGUEL YUSTE 45  ,28037,MADRID,47285309T
"Inducontrol, SL (B60512019)",SEU CENTRAL,Francesc Camprodon 14-16  ,08500,VIC,938855022
Induct R & D S.L (B66845140),SEU CENTRAL,Església 4 4B1 ,08024,BARCELONA,934613378
INFOGENIL SISTEMAS DE GESTION SL (B14089353),SEU CENTRAL,Padre Celestino 16 LOCAL ,14500,CORDOBILLA,957609006
"INFOGESTIÓ GIRONA,SL (B17723586)",SEU CENTRAL,SALT 19 1R LOCAL G,17005,GIRONA,615 586 648
INFOLAB SOFTWARE I SERVEIS SLU (B60723384),PARNER PREMIUM INFOLAB,PONENT 144 LOCAL ,08201,SABADELL,937271224
INFOPID SL (B25643628),SEU CENTRAL,MARQUES DE LEGANES 5  ,25001,LLEIDA,695795325
"INFORDISA 2.0, SL (B55753875)",SEU CENTRAL,TREN 4  ,43800,VALLS,625457116
INFORMÀTICA COMUNICACIONS I SERVEIS LLEIDA SL (B25541152),SEU CENTRAL,TORRES DE SANUI 40 BAIXOS ,25006,LLEIDA,654338320
INFORMATICA EL CORTE INGLES S.A (A28855260),DELEGACION BLIMEA,DE LA IGLESIA S/N  ,33960,BLIMEA,913874700
"INFORMÀTICA PEGUEROLES, SCP (J61413787)",SEU CENTRAL,UNIÓ 44 2-2 ,08201,SABADELL,937252106
"INFOROLOT, S.A (A17080375)",SEU CENTRAL,DEL MIG 1  ,17800,OLOT,972 26 87 11
"INGENIERIA DE PROCESOS Y PRODUCTO I-MAS,SL (B63729495)",SEU CENTRAL,CASTELLO 19  ,08110,MONTCADA I REIXAC,936682602
INGENIERIA ELECTRONICA CANARIA S.L (B35792787),SEDE CENTRAL,CIENTIFICO TECNOLOGICO EDIFICO POLIVALENTE IV  ,35017,"PALMAS DE GRAN CANARIA, LAS",648759715
INGENIERIA INFORMATICA EMPRESARIAL SL (B54278379),SEU CENTRAL,AUSO Y MONZO 16 5 DESPACHO E ,03006,ALICANTE/ALACANT,965287867
INGENIERÍA INFORMÁTICA INTERACTIVA SL (B60862364),SEU CENTRAL,FRANCESC LAYRET 75 6º5ª ,08100,MOLLET DEL VALLÈS,902 365 382
INMOVENS SOLUTIONS SL (B66086075),INMOVENS SOLUTIONS AVILA,AVILA 48 PLANTA 1 LOCAL H ,08005,BARCELONA,616520801
INNOVACION TECNOLOGICA Y SOLUCIONES DE NEGOCIO SL (B84006246),SEU BARCELONA,DIAGONAL 453 BIS 6 PLANTA DRETA,08036,BARCELONA,932776926
INNTELIA SOLUCIONES TECNOLOGICAS SL (B21509518),SEDE PLUS ULTRA,PLUS ULTRA 13-15 6A ,21001,HUELVA,959540111
"INOXPA, S.A.U. (A17778390)",SEU CENTRAL,Telers 60  ,17820,BANYOLES,972575200
Instalaciones Anpi Gijon Sl (B33899501),SEU CENTRAL,CARBONERA 11  ,33210,GIJÓN,985143412
INSTAL·LACIONS I MANTENIMENTS INDUSTRIALS VILLALONGA TOMAS SCP (J55696751),PENTAMATIK,AMSTERDAM 19  ,43870,AMPOSTA,635080224
Institut Baix Penedès (Q9355011I),SEU CENTRAL,Salvador Palau Rabassó 1  ,43700,"VENDRELL, EL",977667082
INSTITUT D'ASSISTÈNCIA SANITÀRIA (Q6750003C),Hospital Josep Trueta,FRANÇA S/N  ,17007,GIRONA,972182600
INSTITUT DE FORMACIÓ PROFESSIONAL DE SANT FELIU DE GUIXOLS (Q6755196J),SEU CENTRAL,CANIGÓ 41  ,17220,SANT FELIU DE GUÍXOLS,972820118
INSTITUT LACETÀNIA (Q5855575F),SEU CENTRAL,BASES DE MANRESA 51-59  ,08242,MANRESA,938773750
INSTITUT SALVADOR SEGUÍ (Q5856089G),SEU CENTRAL,SANTANDER 7 9  ,08020,BARCELONA,933142041
INSTITUT SANT PERE I SANT PAU (S4300025F),SEU CENTRAL,DE L'INSTITUT S/N  ,43007,TARRAGONA,977213248
INTAREX SL (B60309481),SEU CENTRAL,BARCELONA 146-148  ,08700,IGUALADA,938053767
"INTEDOCS SOLUCIONES DIGITALES, S.L. (B64554629)",SEU CENTRAL,ARIBAU 240 5ºM ,08006,BARCELONA,930013880
INTER PARTNER ASSISTANCE SERVICIOS ESPAÑA SA (A59825307),SEU CENTRAL,TARRAGONA 161 2º ,08014,BARCELONA,932287520
INTERACTIVA ONLINE (B62097159),SEU CENTRAL,MUNTANER 328 ENTRESOL 2 ,08021,BARCELONA,934108383
INTERMARK IT 96 SL (B33824830),SEDE CENTRAL,DEL JARDIN BOTANICO 1345  EDIFICIO GUPO INTERMARK,33203,GIJÓN,985195556
Internet Network Solutions SL (B67367987),SEU Esplugues de Llobregat,Tomas Bretón 31 2-2 B ,08950,ESPLUGUES DE LLOBREGAT,6373200528
INVELON TECHNOLOGIES SL. (B25817693),SEU CENTRAL,TÉRMENS 3  ,25191,LLEIDA,681198958
IRONGATE TECHSERVICES SL. (B25834078),SEU CENTRAL,PICA D'ESTATS 10  ,25006,LLEIDA,681340490
"ISA DATA, S.L. (B67392803)",SEU  SANT JOAN DESPI,"SANT MARTÍ DE L'ERM, 20  ",08970,SANT JOAN DESPÍ,934598161
ISAAC SERRA SANSO (41537818W),CLICKENNET,BOSCH 27  ,07500,MANACOR,647744058
IT NUBE CONSULTING SL (B65594145),SEU CENTRAL,"GAL.LA PLACIDIA 1 9 2, ESCALA A ",08006,BARCELONA,931857851
"IT SALTO,SLU (B25766304)",PARC CIENTÍFIC LLEIDA,"CIENTIFIC I TECNOLOGIC, EDIFICI TIC 3 3  ",25003,LLEIDA,973205854
IT-Digitalización 4.0 Industrial Internacional S.L.U (B67193607),SEU CENTRAL,PALLARS 193-205 9A PLANTA ,08005,BARCELONA,49 151 18065401
ITECH515 DL (B55592000),SEU CENTRAL,ESTANY 18  ,43006,TARRAGONA,666497312
ITESTIT S.L. (B66098328),SMARTIVE,ALMOGAVARS 44 LOCAL ,08204,SABADELL,930086985
"IThinkUPC, SLU (B66869033)",SEU CENTRAL,Gran Capità 2-4 Porta 3 Planta Baixa,08034,BARCELONA,934011600
IURIS 9 ADVOCATS I ECONOMISTES SLP (B17951047),SEU CENTRAL,BISBE LORENZANA 24  ,17800,OLOT,972.26.86.17
Ivan Plana Alva (47767054X),Ivan Plana Alba (Caigo),Vidal i Barraquer s/N M1 Espai Tabacalera,43005,TARRAGONA,638240878
IVPRO SISTEMAS S.L.U. (B27751932),SEDE CENTRAL,MARQUES DO ALCEDO 7A BAJO ,36203,VIGO,677488903
"IZQUIERDO INFORMATICA, S.L (B50178250)",SEU CENTRAL,BOLONIA 12-14  ,50006,ZARAGOZA,976467676
IZT KOOP.E. (F20869053),SEDE CENTRAL,MARTIN UGALDE KULTUR PARKEA Z/6  ,20140,ANDOAIN,943304315
JAD SOLUCIONS INFORMÀTIQUES SL (B62168901),SEU CENTRAL,MATARÓ 29-31  ,08403,GRANOLLERS,938796300
"JAESTIC, SL (B55589113)",SEU CENTRAL,Reial 13  ,43700,"VENDRELL, EL",678.664.208
JAIME PASCUAL TORRES (47406552X),JAIME PASCUAL TORRES,PRINCEP DE VIANA 8 3R 1ª ,08001,BARCELONA,717715330
"jajajaStudio, S.L. (B66962309)",SEU REPUBLICA ARGENTINA,REPUBLICA ARGENTINA 218  ,08023,BARCELONA,62530978
Jamgo productes i serveis informàtics innovadors SCCL (F65533259),Seu Central,"Riera d'Escuder, 38 Nau 3 Planta 1 ",08028,BARCELONA,630607162
JANDUSOFT S.L. (B65843674),DELEGACIO BARCELONA,ALCOLEA 115  ,08014,BARCELONA,657565440
Javier Cano López (39975759B),empresa J Cano,Sor Luïsa Estivill 10 3º 4ª ,43202,REUS,671793804
JOAN ANTONI FERNÁNDEZ SÁNCHEZ (39344815A),JOANAN33@,SALLENT 18 BAIXOS POL.IND.ELS DOLORS,08272,SANT FRUITÓS DE BAGES,630208413
Joan Molinas Ramon (77791894Y),Joan Molinas Ramon,Oto Ferrer 7-9 2n 2a ,43700,"VENDRELL, EL",646548142
JOEL PÉREZ MIRALLES (45933814P),SEO BARCELONA,PUIGSACALM 25 2n2a ,08223,TERRASSA,657458658
Jordi Blancafort Clusells (52155508H),&#268;apek Maker,Tossa de Mar 22  Local N,08720,VILAFRANCA DEL PENEDÈS,936884528
JORGE URTIAGA BAONZA SOLUTIONS SL (B63055842),SEU CENTRAL,SANT JAUME 16 1-4 4T OFICINA 5-6,08401,GRANOLLERS,938791534
José Ignacio Gentile (X8026509S),Nate Gentile,del raval 34  ,08002,BARCELONA,696091461
Jose Manuel López Morales (39686874Y),NG:Intel,Rovira 45  ,43713,SANT JAUME DELS DOMENYS,653804799
JOT INTERNET MEDIA ESPAÑA SL (B84135144),SEDE CENTRAL,GENERAL RAMIREZ DE MADRID 8 PLANTA 6 ,28020,MADRID,910616084
Juan Carlos de los Reyes Díaz (75775821K),Befresh Studio,Cristóbal Colón 10  ,11005,CÁDIZ,637 88 18 53
JUAN SAEZ MARIN (43746433L),ORIGINALTEC,MAGI MORERA 17 2N ,25006,LLEIDA,686586875
JUSTDIGITAL SL (B25699208),SEU CENTRAL,AGUSTINS 7 BAIXOS ,25001,LLEIDA,973 83 17 74
Killia Technologies SL (B66998592),SEU CENTRAL,Girona 161  Local,08402,GRANOLLERS,605281220
KINGS OF MAMBO SL (B66628702),SEU CENTRAL,ZAMORA 99 SA 3 ,08018,BARCELONA,931796962
KLEIN IBERICA S.A.U. (A08712341),SEU CENTRAL,NACIONAL 150 KM 1  ,08110,MONTCADA I REIXAC,935751010
KOPEN SOFTWARE SL (B25835794),SEU CENTRAL,CAPARRELLA 97  EDIFICI CEEI 1.9,25192,LLEIDA,651569834
KRITER SOFTWARE SL (B58918012),SEU CENTRAL,PABLO IGLESIAS 63 PB.LOCAL 1 ,08302,MATARÓ,902151011
LA FACTORIA D'IMATGES SERVEIS GRÀFICS SL (B63379937),SEU CENTRAL,GAVARRESA 10  (CABRIANES),08650,SALLENT,938206362
LA TEVA WEB SL (B64293533),SEU CENTRAL,Diputació 256 4T 1A ,08007,BARCELONA,636961696
LABEL-GRUP NETWORKS SL (B60809597),SEU CENTRAL,PROGRES 16  ,08840,VILADECANS,902023791
LABORATORI DE REFERENCIA DE CATALUNYA (A59954487),SEU CENTRAL,SELVA 10  PARC DE NEGOCIS MAS BLAU,08820,"PRAT DE LLOBREGAT, EL",933965300
"LABWARE, S.A. (A79268314)",SEDE CENTRAL,"FONT I SAGUE 55  PARC CIENT I TECN ORBITAL, 40",08227,TERRASSA,696086482
"LAN COMPUTER, S.L (B60819935)",SEU CENTRAL,GARCILASO 11  LOCAL 7,08027,BARCELONA,902112150
LASEVAWEB GLOBAL WEB SERVICES SL (B66537416),SEU CENTRAL,Montserrat 5  ,08500,VIC,649911491
LEAN LEMON SL (B66305160),SEU CENTRAL(RATE NOW),REVOLUCIÓ 2  ,08012,BARCELONA,659518692
LEAN2MARKET SL (B66042086),SEU BCN - C/CALABRIA,CALABRIA 149  ,08022,BARCELONA,609439179
LIBNOVA S.L (B85846319),DELEGACION EL ESPINAR,ROSA 1  ,40400,"ESPINAR, EL",914490894
"LINKINSIX, S.L (B55677991)",SEU CENTRAL,DE BELLISSENS 42 OFICINA 115 TECNOPARC,43204,REUS,619738909
"LLUERT SERVEIS TELEMÀTICS, S.L. (B62710868)",SEU MARQUES CAMPO SAGRADO,MARQUÈS DE CAMPO SAGRADO 8 LOCAL 2 ,08015,BARCELONA,935331651
LOGISFASHION S.A. (A61218889),centre a barcelona,CAMÍ VELLA A SANT CELONI SN  ,08460,SANTA MARIA DE PALAUTORDERA,938482992
"LOYIC Information Technology, SL (B67293183)",SEU CENTRAL,Tres Creus 104 3-2 ,08202,SABADELL,931 598 400
LUNDAGATAN 47 SL (B93348266),SERVICIOS INFORMÁTICOS LUNDAGATAN 47,"CATALUÑA 2 EDF GALLEROSA, 4 ",29640,FUENGIROLA,673082962
M SOFT SA (A58964586),SEU CENTRAL,VENTS 9 13 ESCALA B 2N 2A ,08917,BADALONA,93 4330617
"M&R PROJECT MANAGEMENT SOLUTIONS, SL (B66488081)",SEU CENTRAL,DE MARAGALL 13 ATIC 2ª ,08027,BARCELONA,935272098
MADISAPALMA S.A (A07059264),SEDE CENTRAL,MIGUEL DE LOS SANTOS OLIVER 3 BAJOS ,07011,PALMA DE MALLORCA,971730937
"Makenai Solutions, Innovation & Creative Ideas, S.L. (B87044673)",Seu Barcelona,Concepció Arenal 165  ,08027,BARCELONA,+34911939521
MANE IBERICA SA (A08942815),SEU CENTRAL,MOLINS DE REI A SABADELL KM 13.3  ,08191,RUBÍ,935881221
Manteniment Sostenible Integral S.L. (B65903155),SEU CENTRAL,Via Augusta 164 Ent 2 ,08006,BARCELONA,696755275
Mapit IoT SL (B66716291),SEU CENTRAL,casp 172 4-B ,08013,BARCELONA,935321361
MARIA ASCENSION ALGAR SOLIS (39857771J),Mundo Vehicle,PERE III 3 B ,43850,CAMBRILS,977366566
MARIA CAÑABATE MENDEZ (33873554M),CASAL CÍVIC SANTA PERPÈTUA DE MOGODA,RAMON D'ABADAL S/N  ,08130,SANTA PERPÈTUA DE MOGODA,637343460
MARKETERS AGENCY SL (B66796327),SEU CENTRAL,Universitat 31 3º 4ª ,08007,BARCELONA,652545753
MARTIN SOLE MARC (40368101L),Infotècnik,DELS PAISOS CATALANS 80  ,17820,BANYOLES,872 210 478
MASTER YIELD S.L (B90041369),DELEGACIÓN BENALMADENA,RETAMAR 69 10 Y 11 ,29639,BENALMADENA,952565878
"MATRIX DEVELOPMENT SYSTEM, SA (A62174933)",SEU CENTRAL,SANT OLEGUER 16-18  LOCAL,08001,BARCELONA,936011068
MAXIPROJECT S.L. (B17499435),SEU CENTRAL,CANET D'ADRI 21  ,17007,GIRONA,972214021
MECALUX SA (A08244998),SEU CENTRAL,SILICI 1-5  ,08940,CORNELLÀ DE LLOBREGAT,932616900
MEDITERRANEUM XX SL (B59031815),SEU CENTRAL,GARBI 88-89  ,08397,PINEDA DE MAR,937671111
MEIBIT TECH SOLUTIONS S.L. (B55175616),SEU CENTRAL,PIC DE PEGUERA 15  EDIFICI JAUME CASADEMONT DESP.13,17003,GIRONA,620013488
"MENSOFT CONSULTORES, S.L. (B83614495)",SEDE CENTRAL,ALBERTO ALCOCER 46B 4ºB ,28016,MADRID,914583040
MERFE GLOBAL S.L (B73649626),SEU CENTRAL,A-30 KM122  ,30564,LORQUI,605890375
MERITXELL CASANOVA CASAMITJANA (47805747V),Publicitat i comunicació MERITXELL CASANOVA,Volart 70  ,08041,BARCELONA,636379679
MERLOS INFOR SL (B60796992),SEU CENTRAL,DR. ROBERT 13  ,08915,BADALONA,934608900
MESIA SOFTWARE S.L. (B85381242),"SEDE CENTRAL(TEDUIN, S. A.)",DE SAN PABLO 26  ,28823,COSLADA,609239292
METAENLACE SISTEMAS DE INFORMACIÓN S.L (B30766620),SEDE CENTRAL,CARRIL DE LA CONDESA 22  ,30010,MURCIA,968252072
METODOS Y TECNOLOGIA DE SISTEMAS Y PROCESOS S.L (B81758344),BUSINES WORLD ALICANTE,"ANTIGUA CASA DEL MAR, MUELLE DE PONIENTE S/N  ",03003,ALICANTE/ALACANT,678882825
"Micro 4DC Información Automática, S. L. (B63287890)",SEU CENTRAL,SANT VALENTI 2-4 BAIXOS 3 ,08295,SANT VICENÇ DE CASTELLET,667648904
MICRODIGIT INFORMÁTICA S.L. (B62350269),SEU CENTRAL,GENERALITAT 16 3 2 ,08922,SANTA COLOMA DE GRAMENET,933853959
"MICROFUSA COMERCIAL, S.L. (B64120785)",SEU CENTRAL,SEPÚLVEDA 134  ,08015,BARCELONA,934353688
MICROSEU SL (B25283490),SEU CENTRAL,JOSEP DE ZULUETA 21  ,25700,"SEU D'URGELL, LA",973353653
MIGUEL ANGEL MUROS LIGERO (40328760P),SEU CENTRAL(STAMPATS GIRONA),RIU FRESER 16 BAIXOS ,17003,GIRONA,972208796
MIGUEL TORRES SA (A08933251),SEU CENTRAL,MIQUEL TORRES I CARBÓ 6  ,08720,VILAFRANCA DEL PENEDÈS,938177400
MIKUIN DEVELOPERS SL (B66384884),SEU CENTRAL,DEL MIG 22  ,08401,GRANOLLERS,618677479
MILLORSOFT SOLUCIONS DE HARDWARE SL (B25698333),SEU CENTRAL,RIU BESOS 18  ,25001,LLEIDA,615160340
MINAS DE AGUAS TEÑIDAS SAU (A81336877),SEDE CENTRAL,HU 7140 KM 12  ,21350,ALMONASTER LA REAL,959054012
MIRALL DIGITAL ESTRATÈGIA I COMUNICACIÓ SL (B55682686),SEU CENTRAL,DE JESÚS 42 3B ,43201,REUS,656289266
MirAy Consulting. S.L (B64242613),SEU CENTRAL,Berruguete 66  ,08035,BARCELONA,934 073 505
MITRA GLOBAL SERVICES S.L. (B67160135),SEU CENTRAL(MITRA GLOBAL SERVICES S.L.),GALILEU 8  ,08635,SANT ESTEVE SESROVIRES,637042308
"MOBA-ISE Mobile Automation, S.L (B62784293)",SEU CENTRAL,Berguedà 6  ,08211,CASTELLAR DEL VALLÈS,93 715 87 93
MOBIBYTE S.L (B87620332),SEDE CENTRAL,VÍA LÁCTEA 11  ,28938,MÓSTOLES,660574667
MONLAU SERVICIOS Y FORMACION S L (B61365904),SEU CENTRAL,CARACAS 35  ,08030,BARCELONA,932744700
MONOLITHIC POWER SPAIN SL (B67239103),SEU CENTRAL,TARRADELLAS 123 5è-Oficina D ,08015,BARCELONA,666372190
"MOVALNET TECHNOLOGY, SCP (J65651523)",SEU CENTRAL,SANTA EULALIA 24 ENT 2 ,08902,"HOSPITALET DE LLOBREGAT, L'",667 61 89 10
MPM SOFTWARE SL (B59335026),SEU CENTRAL,DOCTOR PUJADAS 102-109  ,08700,IGUALADA,938 053 993
MULTIMOS S.A. (A58908732),SEU CENTRAL,PAU MARÇAL 73  ,08222,TERRASSA,902120080
MULTISYSTEMS BARS CONTROL S.L. (B67283085),SEU CENTRAL,CLAVE 33 - P. BJ  ,08201,SABADELL,937155460
MY NEWS S.L. (B60834645),SEU CENTRAL,AVILA 48 2º ,08005,BARCELONA,933568410
MYTRA CONTROL SL (B87090999),MYTRA OLESA,SAN JOSEP OBRER 1  ,08640,OLESA DE MONTSERRAT,637 85 46 19
NAN PROJECTES DE PROGRAMARI LLIURE SL. (B65247983),SEU CENTRAL,DE LES PAUS 98 LOCAL 2 ,08202,SABADELL,935 53 18 03
NAVEX CONSULTORIA INFORMATICA SL. (B86737574),DELEGACIÓN TRES CANTOS,SANTIAGO GRISOLIA 2 OFICINA 206 ,28760,TRES CANTOS,687401545
NEBARI ESTUDI SL (B66700832),SEU CENTRAL,CONSTITUCIÓ 79  LOCAL 2,08014,BARCELONA,614745614
"NET VIRTUAL LIFE, S.L. (B64776438)",SEU CENTRAL,FLORIDABLANCA 146 1r 2ª ,08011,BARCELONA,930096124
NEW COMPUTING NETSERVICES SL (B61281226),SEU CENTRAL,FERRAN VALLS I TABERNER 5 1º 1ª ,08006,BARCELONA,619783609
"NEW UI BCN, S.L. (B65431306)",oficina Ronda Sant Antoni,Sant Antoni 36-38 5.1. ,08001,BARCELONA,650208329
NEXO QA SL (B65075681),SEU CENTRAL,DE L'ELECTRÒNICA 19 3B ,08915,BADALONA,932197147
"NEXT BIG THING LABS, S.L. (B66093675)",SEU CENTRAL,DE LA INDEPENDENCIA 23  BAIXOS,08026,BARCELONA,936816891
NIMIA GRÀFICA SL (B43351857),SEU CENTRAL,"GAUDÍ 3 2º,1º ",43202,REUS,977320684
"NISSAN IBERIA, S.A. (A60622743)",SEU BCN - ZONA FRANCA C/3,3 77-111  ZONA FRANCA,08040,BARCELONA,933618513
Novicell ES Business Online S.L (B65029613),seu central,Pallars 84 bajos 4 ,08018,BARCELONA,932 31 53 03
"NOVOSTORM SOFTWARE I TECNOLOGIA, S.L.U. (B55322192)",SEU CENTRAL,BISBE LORENZANA 18 1-4 ,17800,OLOT,872.21.23.71
NOVTEC ASSESSORAMENT I IMPLEMENTACIÓ DE NOVES TECNOLOGIES S.L. (B64769540),OFICINES NOVTEC,DE RIBES 3 BAIXOS ,08591,AIGUAFREDA,938442426
"NTT DATA Spain, S.L.U. (B82387770)",SEU CARRER TANGER,TANGER 98 7 ,08018,BARCELONA,934947700
NUBEAME SL (B66748468),SEU CENTRAL,LORETO 13-15  ,08029,BARCELONA,650502758
"Nubilum, SL (B66011594)",Seu Central,Gran Via de les Corts Catalanes 525 1er 1a ,08011,BARCELONA,931003094
NUBULUS WEB SERVICES SL (B25843418),SEU CENTRAL,JOAN ORO 3  ,25220,BELL-LLOC D'URGELL,638907671
OCA GLOBAL CORPORATE SERVICES S.A (A67263608),SEDE CENTRAL,DE LES GARRIGUES 46  ,08820,EL PRAT DEL LLOBREGAT,934787045
"ODEC CENTRO DE CALCULO Y APLICACIONES INFORMATICAS, SA (A46063418)",Seu central,Vicent Macip 1  ,46701,GANDÍA,962860466
OESIA NETWORKS SL (B95087482),SEU BARCELONA,DIPUTACIÓ 279 ENTRESOL 1ª ,08007,BARCELONA,934161199
OFICINA DE SISTEMAS SL (B58335779),SEU CENTRAL(OFISIS),LLEVANT 24  ,08232,VILADECAVALLS,9373541821
OFIMÀTICA ANOIA SL (B60949328),SEU CENTRAL,CERVANTES 18  L12,08700,IGUALADA,938044403
OGILVYONE WORLDWID SA (A08301731),SEU CENTRAL,BOLIVIA 68-70  ,08018,BARCELONA,933666000
OLIVIA SISTEMA S.L. (B60394566),SEU CENTRAL,DIAGONAL 441  ,08036,BARCELONA,671035053
ONAPA SEINTO SOFT SL (B25781279),DELEGACIO LLEIDA,PRINCEP DE VIANA 21  ,25004,LLEIDA,669107522
ONDHO ENMUL SL (B63737498),SEU LLULL,LLULL 48-52 4º1ª ,08030,BARCELONA,933454906
ONEBOX IBERICA SL (B65315954),SEU CENTRAL,BALMES 357 - 6º  ,08006,BARCELONA,902 043 279
"ONTRACE INTELLIGENT VIDEO ANALYTICVS, SL (B65688376)",SEU CENTRAL,DELS PAÏSOS CATALANS 43  LOCAL B,08304,MATARÓ,B65688376
"ONWIFI TARRAGONA, SL (B55600712)",SEU TARRAGONA,DE L'OR 203 2N - B ,43006,TARRAGONA,902750807
OPEN SOURCE AND SECURITY SERVICES SL (B63961981),SEU CENTRAL,ALMOGAVERS 107-115 Baixos ,08018,BARCELONA,932687320
"OPENTRENDS SOLUCIONS I SISTEMES, S.L. (B63446470)",SEU CENTRAL,VENEÇUELA 105 1 A ,08019,BARCELONA,933208414
"OPTIMAL WAY, S.L.U (B66023565)",SEU CENTRAL,GUIPUSCOA 27  ,08018,BARCELONA,933966650
OPTIMISSA SERVICIOS PROFESIONALES SL (B64850290),OPTIMISSA CAPITAL MARKETS,FILADORS 35-41 6 - 4 ,08208,SABADELL,647928910
OPTIMIZACIÓN DE SISTEMAS EMPRESARIALES SL (B63329833),SEU CENTRAL,HOMER 11 BIS ENTRESOL 1A ,08023,BARCELONA,902 500 388
ORIGEN STUDIO (J25830050),SEU LLEIDA,"VIVER FP EMPREN, TURO DE GARDENY, MODUL 3 3  ",25003,LLEIDA,691997065
ORIOL TORRUELLA SORO (78088622B),TOTSOM,SANT JAUME 101 3B ,25100,ALMACELLES,682517691
ORZO INFORMATICA SL (B43726330),SEU CENTRAL,SANT MAGI 16 BAIXOS ,43700,"VENDRELL, EL",677 36 85 49
"OTC ENGINEERING, SL (B55169874)",SEU CENTRAL,SANTA COLOMA 88 BAIXOS ,17800,OLOT,972 271 643
Pafoba SL (B01701341),Gaddex,Aragó 290  ,08009,BARCELONA,628171938
PALOMO CONSULTORS  SL (B43563287),SEU CENTRAL,RAMON BERENGUER IV 51-53 2ª PLANTA ,43500,TORTOSA,977449033
PANEL SISTEMAS INFORMATICOS S.L (B83766485),SEDE CENTRAL,CONDESA DE VENADITO 5  ,28027,MADRID,914057878
"PASIONA CONSULTING, S. L. (B64314115)",SEU CENTRAL,PUJADES 350 10 ,08019,BARCELONA,661504212
PASO TORREGROSA JUAN IGNACIO (46752248X),IDESOFTBCN,AVENIR 22 ENTLO. 1 ,08021,BARCELONA,600481051
PAYNOPAIN SOLUTIONS SL (B12871216),Seu central,Ginjols 1  Edificio IVACE,12003,CASTELLÓ DE LA PLANA/CASTELLÓN DE LA PLANA,964830121
PENEDES DIGITAL SL (B43855378),DYNOS CALAFELL,MONTSERRAT 23  ,43820,CALAFELL,977691788
PEPITA ARGILÉS MANUEL (40876321P),EURORECLAMS,LES GARRIGUES 101  ,25001,LLEIDA,973206353
PERCEPTION TECHNOLOGIES SL (B62370473),SEU CENTRAL,DE CÀNOVES 16  ENTRESOL 1A,08520,"FRANQUESES DEL VALLÈS, LES",938466893
PERE CADENA CANALS (38129874Z),KHROMASTUDIO,MOSSEN JACINT VERDAGUER 112 1R 1A ,08700,IGUALADA,609488536
Pharma Advisors sl (B84938786),Seu barcelona,Meridiana 354 9 A ,08027,BARCELONA,653 741 842
PHIBO DENTAL SOLUTIONS SL (B60560877),SEU CENTRAL,GATO PÉREZ 3-9  ,08181,SENTMENAT,902201413
"PING PONG TECHNOLOGIES, S. L. (B64922297)",SEU CENTRAL,MORALES 40-42  ,08029,BARCELONA,93 213 90 76
PITAGORINESGROUP SL (B87715322),SEDE MADRID,ELOY GONZALO 30 2-A ,28521,RIVAS-VACIAMADRID,646713578
PLANETA CORPORACION SL (B61441127),SEU CENTRAL,DIAGONAL 662 664  ,08034,BARCELONA,934928215
PLAYOFF INFORMÀTICA SL (B64864879),SEU CENTRAL,MONTSERRAT 22  ,08201,SABADELL,933966680
PRACTICS BUSINESS SOLUTIONS SL (B65825317),SEU CENTRAL,VIRTUT 42 1ª ,08700,IGUALADA,933800360
"PRAT INTERNATIONAL BRANDS, SL (B65114373)",SEU CENTRAL,BLANQUERS PARCELA 7-8  ,43800,VALLS,877990800
PRECOGNIS SL (B65062564),SEU CENTRAL,MADRID 95 AT 1ª ,08021,BARCELONA,935324800
PROCONSI S. L. (B24208100),PROCONSI,ANDRES SUAREZ 5  ,24009,LEÓN,902214010
"PRODWARE SPAIN, S.A. (A48941488)",PRODWARE,Constitució 1 Planta 2 ,08960,SANT JUST DESVERN,918316970
"Proficio Security, S.L. (B66979758)",SEU CENTRAL,Travessera de Gracia 11 2 ,08021,BARCELONA,937370358
"prolutec, s.a. (A60231586)",seu central,"BP5107 km 44,1  ",08458,SANT PERE DE VILAMAJOR,936566061
PROVEXILON S.L. (B67092098),SEU CENTRAL,dels Rabassaires 28  1r,08100,MOLLET DEL VALLÈS,+34 619 46 72 8
PRYSMIAN CABLES SPAIN SA (A08395162),SEU VILANOVA1,C-15 KM-2  ,08800,VILANOVA I LA GELTRÚ,938116092
PUERTAS ATEMATIK SL (B48744288),SEU CENTRAL,INDUSTRIAL ARTIA S/N - APATAMONASTERIO  ,48291,APATAMONASTERIO,946231525
PUKKAS WEBS DESIGN SL (B61563417),SEU CENTRAL,ALFONS XII 75  ,08006,BARCELONA,932012070
PUMPUN DIXITAL SL (B27757723),SEU CENTRAL,MARQUES DE VALLADARES 14  ,36201,VIGO,678507673
PUPGAM STUDIOS SL (B66183823),SEU CENTRAL,VELL DE SARRIA 23 1-2 ,08029,BARCELONA,622154917
"QUARTUP, S.L (B65899890)",SEU CENTRAL,DOCTOR TRUETA 183 1A ,08005,BARCELONA,933153067
QUATRE GL CONSULTORS INFORMÀTICS S.L. (B66538216),SEU CENTRAL,DE MONTCADA 750 2-2 ,08227,TERRASSA,601273215
RADAR PROCESS SL (B08368656),SEU CENTRAL,AUSTRIA 9  ,08520,"FRANQUESES DEL VALLÈS, LES",938020322
RANKKIN NETWORK SLU (B55143598),Seu central,Diagonal 309 2B ,08013,BARCELONA,630527841
RAUL MORALES BENÍTEZ (80079017D),INVÉNTE,JACINTA GARCÍA HERNÁNDEZ 13 OFICINA 8 ,06011,BADAJOZ,924404550
RAVON INVEST SL (B63723498),SEU CENTRAL(INDOORWALKING-VALKING),CORNELLA 100 1 ,08950,ESPLUGUES DE LLOBREGAT,934802216
RCM SOFTWARE SL (B61255667),SEU MOLLET,FRANCESC LAYRET 75  ,08100,MOLLET DEL VALLÈS,93 555 89 37
"RCX Soft, SLU (B67367870)",SEU CENTRAL,Joan Tuto 4  ,08304,MATARÓ,636316788
RECIRCULA SOLUTIONS SL (B66947367),SEU CENTRAL,BRUSI 11  ,08006,BARCELONA,606507006
REDIS GESTIO ASSESSORS SLU (B25747122),SEU CENTRAL,CANAL 11  ,25230,MOLLERUSSA,973602507
RESET SOLUCIONES SL (B65195984),SEU CENTRAL,CARME KARR 13  ,08034,BARCELONA,932520883
RGB INFORMATICA I CONSULTING SL (B25359043),SEU CENTRAL,ARQUITECTE MORERA I GATELL 2  ,25196,LLEIDA,973232419
RICOH SPAIN IT SERVICES SLU (B66068081),SEU CENTRAL,VIA AUGUSTA 71-73  ,08174,SANT CUGAT DEL VALLÈS,935821200
RIEGOS IBERIA REGABER SA (A63271498),SEU CENTRAL,GARBÍ 3  ,08150,PARETS DEL VALLÈS,935737400
RIFÉ ELECTRÒNICA SA (A08230419),SEU CENTRAL,NICARAGUA 88 LOCAL ,08029,BARCELONA,667646446
RIVAS RUIZ JORDI (38561924D),JrSystems,valencia 177  ,08011,BARCELONA,722883350
RM TRADE SA (A59864546),SEU CENTRAL,BERLIN 2  ,08233,VACARISSES,938281810
ROBIN-DATA-HOOD SL (B66841354),SEU CENTRAL,"PAU VILA 1  BLOQUE A, 3, 3A3 PALAU DE MAR",08039,BARCELONA,610897868
RONEY SISTEMAS Y SERVICIOS SL (B66848805),SEU CENTRAL,PARIS 45-47 ENTRESOL 3 ,08029,BARCELONA,682004947
RSM SPAIN CONSULTORES SL. (B66719337),SEU CENTRAL,ENTENÇA 325 - 335 PISO 1  ,08029,BARCELONA,934184747
RUNROOM PRODUCCION MULTIMEDIA SL (B63691836),SEU CENTRAL,MILA I FONTANALS 14-26 3-2 ,08012,BARCELONA,934590545
"S.B.S. SEIDOR, S.L. (B61519765)",SEU CENTRAL,EIX ONZE DE SETEMBRE 41-43  ,08500,VIC,902995374
SABACOINSA S.L. (B58080227),SEU CENTRAL,DE L'EST 73-79 LOCAL ,08210,BARBERÀ DEL VALLÈS,937299860
SAI COMPUTERS SL (B62086665),SEU CENTRAL,BALMES 79 BAIXOS ,08700,IGUALADA,938040901
"SAIMA SYSTEMS, SL (B63118855)",SEU CENTRAL,VARSÒVIA 115 - 117  LOCAL 19,08206,SABADELL,902365896
SALICRU SA (A08435356),SEU CENTRAL,DE LA SERRA 100  ,08460,SANTA MARIA DE PALAUTORDERA,938482400
SALON SPA SOLUTIONS (B17981184),SEU CENTRAL,EMILI GRAHIT 13 ENTRESOL B ,17002,GIRONA,972214737
SAN2 INNOVACIÓN SOSTENIBLE SL (B32478505),SEDE ARAVACA,SAGITARIO 1  ,28023,MADRID,647302336
SANITAS MAYORES S.L. (B58937178),SEU CENTRAL,TUSSET 5 3ª ,08006,BARCELONA,933674000
SARAI OÑATE FRIEDRICH (46959550J),IBISOF,"IBIZA - SAN ANTONIO KM3,3 LOCAL 4 ",07800,EIVISSA,605500825
SATINEL SYSTEM SL (B11817277),Satinel Oficinas,DE LA ILUSTRACIÓN 6 3PLANTA OFICINA 4 ,11011,CÁDIZ,607562928
Saytel Servicios Informáticos SA (A61172219),SEU BARCELONA,PUJADES 350  ,08019,BARCELONA,902 995 374
SCYTL SECURE ELECTRONIC VOTING SA (A62604087),SEU CENTRAL,GAL.LA PLACIDIA 1-3 1 ,08006,BARCELONA,934230324
SEAT SA (A28049161),SEAT MARTORELL,A-2 KM 585  ,08760,MARTORELL,937085143
SEB CREATIVOS SCA (F93498582),SEDE FUENGIROLA,CORONEL RIPOLLET 6 3C ,29640,FUENGIROLA,664897017
SEGLAN SL (B79517710),SEGLAN,FORONDA 6  ,28034,MADRID,647029084
SEIDOR CONSULTING SL (B62076740),SEU SEVILLA,DIEGO MARTINEZ BARRIO 10 8 EDIFICIO INSUR,41013,SEVILLA,912988590
SeniorDomo SL (B67321356),Seu Central,Ávila 124 1º A ,08018,BARCELONA,615111224
"SENURTECH SERVEIS INFORMÀTICS, SLU (B55631964)",DOSCLIC,TETUAN 19 BJOS ,43205,REUS,977301119
"SENYOR MUNERA, SCP (J65802704)",SEU-CENTRAL,ENRIC PRAT DE LA RIBA 77  CENTRE AUDIOVISUAL  FÀBRICA DE LES ARTS,08402,GRANOLLERS,933968888
SENYOR MURERA SL (B65802704),SEU CENTRAL,ENRIC PRAT DE LA RIBA 77  ROCA UMBERT FÀBRICA DE LES ARTS -CENTRE AUDOVISUAL,08401,GRANOLLERS,609870850
SERBERT INFORMATICA SL (B25492430),DELEGACIO LLEIDA,JOSE OLONDRIZ OSTIZ 13  ,25005,LLEIDA,973727282
SERGI FRADERA MANILS (77300264R),SF INFORMATICA,ARAGÓ 4  ,08150,PARETS DEL VALLÈS,935624629
SERGI SILVAN OLIVER (46740824V),SERGI SIRLVAN OLIVER,Pantà de Tremp 55 2n 3a ,08032,BARCELONA,654213775
SERGIO OLIVARES CARRASCO (46996043M),DESIGNING CODE,MALLORCA 1-23 2 OFICINA,08014,BARCELONA,933252107
SERVEIS DE DESENVOLUPAMENT ORIENTATS A LA MULTICANALITAT IT SL. (B66367145),SEU CENTRAL,ROC BORONAT 117  EDIFICI BCN GROWTH CENTER,08018,BARCELONA,93 516 03 25
"SERVEIS INTEGRALS ESED, SL (B65440729)",SEU CENTRAL,"ERNEST LLUCH 32, P5 D8  EDIFICI TCM2",08302,MATARÓ,931696549
SERVICIOS INFORMATICOS AVANZADOS DE GESTION SL (B84891209),SEDE CENTRAL,DE EUROPA 6 PLANTA 1 ,28108,ALCOBENDAS,915761224
SERVICIOS MICROINFORMATICA SA (A25027145),SEU CENTRAL,TECNOLÒGIC I AGROALIMENTARI DE GARDENY EDIFICI H1 2ONA PLANTA ,25003,LLEIDA,902109120
SERVICIOS OPERATIVOS SA (A59170878),SEU C/ MANSO,MANSO 3 ENTRESOL 1 ,08015,BARCELONA,607383377
SERVICIOS PERSONAS Y SALUD SL (B50871284),HOSPITAL UNIVERSITARI GENERAL DE CATALUNYA,PEDRO I PONS 1  ,08195,SANT CUGAT DEL VALLÈS,917810682
SETTING CONSULTORIA EN TECNOLOGIA DE LA INFORMACIÓN SL (B58520339),SEU CENTRAL,TUSET 5  ,08006,BARCELONA,933238200
"SHIKUMI WAKATA, S.L. (B65668329)",SEU CENTRAL,CALABRIA 267 2N 2A ,08029,BARCELONA,936762523
SICOMORO SERVICIOS INTEGRALES S.L (B99020547),SEDE CENTRAL,ISABEL LA CATOLICA 6 PLANTA 2 ,50009,ZARAGOZA,976205899
SIDEAR INFORMÀTICA S.L.U. (B64583362),SEU CENTRAL,CAN CALDERS 8 2ª PLTA ,08173,SANT CUGAT DEL VALLÈS,936751787
SIGMA EQT SERVEI S.L. (B63825475),SEU CENTRAL,DE CAN CALDERS 8 1º 2ª ,08173,SANT CUGAT DEL VALLÈS,935441288
SIGMA GESTIÓ UNIVERSITARIA AIE (V61213641),SEU CENTRAL,ALCALDE BARNILS 64 68 MÒDUL B 3ª PLANTA ,08174,SANT CUGAT DEL VALLÈS,902 550 733
SISTEMAS I SOLUCIONES TECNOLOGICAS SL (B62968409),SEU CENTRAL,LLORENS PUIG 52  ,08840,VILADECANS,933775596
SISTEMAS INFORMÁTICOS ABIERTOS SA (A82733262),SIA BARCELONA,PALLARS 99  OFICINA 41,08018,BARCELONA,902480580
SISTEMAS WEB CINETIC S.L (B65265217),SISTEMAS WEB CINETIC S.L,MONTSANT 6  ,08272,SANT FRUITÓS DE BAGES,938765458
SISTEMAS Y COMUNICACIONES INFOSER SL (B36366409),OFICINA CENTRAL,EUGENIO GOMEZ FRANQUEIRA 13  ,36400,"PORRIÑO, O",986332212
SISTEMES D ORGANITZACIÓ SA (A08588170),SEU CENTRAL,MONTSANT 14-16  ,08272,SANT FRUITÓS DE BAGES,938770303
SISTEMES I XARXES INFORMÀTIQUES CALIDAE SL (B62846050),SEU CENTRAL,FONT I BOET 10  ,08140,CALDES DE MONTBUI,93 865 44 33
SIXTEMAS PROYECTOS PARA LA PYME SL (B66647223),SEU CENTRAL,Capmany 16  P. BJ PTA. 1,08191,RUBÍ,607456696
"SKITUDE TECHNOLOGIES, SL (B66281593)",OFICINA,ANTIGA D'AMER 10  ,17007,GIRONA,972 477 775
SLG CLOUD TECHNOLOGIES SL (B55627079),SEU CENTRAL,PERE MARTELL 27  BAIXOS,43005,TARRAGONA,657962766
SMART HUMAN CAPITAL SL (B86102795),SEDE CENTRAL,JAZMIN 66 5 ,28033,MADRID,911735181
SMURFIT KAPPA ESPAÑA SA (A78948007),SEU CANOVELLES,INDÚSTRIA 112-114  ,08420,CANOVELLES,938616600
SOCIAL COLLABORATION LABS S.L. (B65650293),SEU CENTRAL,DELS ALPS 48  CENECO,08940,CORNELLÀ DE LLOBREGAT,696085432
SOCIALDOOR S.L (B90064072),SOCIALDOOR,CUESTA DEL ROSARIO 8 CASA 1 1ºG ,41004,SEVILLA,955521201
SOCIEDAD ESPAÑOLA DE CONSTRUCCIONES ELECTRICAS SA (A08001182),DELEGACIÓ DE BARCELONA,DE LA ZONA FRANCA 142-144  ,08038,BARCELONA,934452400
SOFT FOR YOU SL (B60179108),SEU CENTRAL,MERIDIANA 27-29  ,08018,BARCELONA,934863075
SOFT TEAM SYSTEMS  SL (B60960648),SEU CENTRAL,PAU CLARIS 18  LOCAL E-F,08130,SANTA PERPÈTUA DE MOGODA,935604811
SOFTWHISPER DESARROLLO E INGENIERIA DE SOFTWARE SL (B70269071),SEDE CENTRAL,RUA AREAL 8 BAJO ,15172,SANTAIA DE LIANS-OLEIROS,881892253
SOLER FONT SL (B17881699),SEU CENTRAL(SOLER INFORMÀTICA),BARRIS I BUIXÓ 15  ,17200,PALAFRUGELL,972 306 309
SOLID SOLUCIONS INFORMÀTIQUES SL (B66191826),SEU CENTRAL,PRAT 16 11º 2º ,08907,HOSPITALET DE LLOBREGAT,625373679
SOLIDSAFE S.L. (B64455884),SEU CENTRAL,"VOLTA 2 Local H2, 8B ",08150,PARETS DEL VALLÈS,933.928.183
SOLUCIONES INFOIMPRE SL (B64699077),SEU CENTRAL,"Filatures, Edif. A A 1º 3º ",08690,SANTA COLOMA DE CERVELLÓ,93 654 98 86
SOLUCIONS EMPRESARIALS DE PONENT SL (B22350755),SEU CENTRAL,PRINCEP DE VIANA 27-29  ,25004,LLEIDA,973 001140 EXT
SOMINTEC SL (B55192033),SEU CENTRAL,SALT 25 2ª PLANTA ,17005,GIRONA,609485072
SOPINET SOFTWARE S.L (B56008600),SEDE CENTRAL,MAESTRO PRIEGO LÓPEZ 41 LOCAL ,14004,CÓRDOBA,900831133
SOSMATIC SL (B61768834),SEU CENTRAL,LLACUNA 161 3A PLANTA ,08018,BARCELONA,902902520
"Sounds Market, SL (B67146233)",SEU CENTRAL,de l'Alba 1-3 Baixos ,08012,BARCELONA,661263094
"SPACE BITS, SL. (B64776271)",SEU CENTRAL,DE VIC 96 1-1 ,08241,MANRESA,938732991
STARSHOT SOLUTIONS SL (B25826322),DELEGACIÓ DOCTOR FLEMING,DOCTOR FLEMING 15 3ER  A ,25008,LLEIDA,973829058
"STEEMA SOFTWARE, SL (B62259544)",SEU CENTRAL,MONTILIVI 33  BAIXOS,17003,GIRONA,972 218797
STEP LOGISTICA Y CONTROL SL (B62451463),SEU CENTRAL,BOLIVIA 239 4RT 2A ,08020,BARCELONA,933491108
STRATESYS TS SL (B81866014),SEDE CENTRAL,TORRELAGUNA 77 3º ,28043,MADRID,608040985
STUDIO AD STORM SL (B66957911),SEU CENTRAL,Sant Josep de Calassanç 8 2 ,08401,GRANOLLERS,931148083
"SUMINISTROS ARSAM,S.A. (A08508418)",SEU CENTRAL,Moreres 2  ,08170,MONTORNÈS DEL VALLÈS,935799100
SUPERFICIES DE ALIMENTACION SA (A08586539),SORLI DISACU  granollers,CARRETERA DE MONTMELÓ 108-120  ,08403,GRANOLLERS,935610300
SURF THE WEB  SL (B43606615),SEU CENTRAL,DE LA TORRASA 14  EDIFICI ALBATROS,43840,SALOU,607487356
"SYSNOU PROFESSIONAL SOLUTIONS, S.L.U (B72316474)","PRO-GRA-MA Marketing, Comunicaciónn y Sistemas",Virgen de los Milagros 114  ,11500,"PUERTO DE SANTA MARIA, EL",666793065
T SYSTEMS ITC IBERIA SAU (A81608077),SEU 22@,SANCHO DE ÁVILA 110 130  ,08018,BARCELONA,935015638
T SYSTEMS ITC IBERIA SAU (A81608077),SEU REUS,DE VALLS 81  ,43204,REUS,935015000
"T4XI interactive, SL (B65009474)",SEU CENTRAL,Morales 21 1r. L ,08029,BARCELONA,616776408
Tadesan Sl (B17259284),SEU CENTRAL,Vic 9  ,17176,LA VALL D'EN BAS,972270672
"TAMIL EXPERIENCE, S.L (B66274341)",SEU CENTRAL,DOCTOR JUNYENT 1  ,08500,VIC,627569360
TAYLOR NELSON SOFRES SA (A08309080),SEU CENTRAL,CAN CALDERS 4  ,08173,SANT CUGAT DEL VALLÈS,935819400
"TEAM BOOKING, S.L. (B87210670)",OFICINAS MADRID,FORONDA 910052730 PLANTA B ,28034,MADRID,910052315
"TECH DATA EUROPE SERVICES AND OPERATIONS, S.L. (B65614349)",SEU CENTRAL,ACER 30  ,08030,BARCELONA,932970184
TECMAFRA SL (B22116271),SEU CENTRAL,"NII KM 433,8  ",22520,FRAGA,974453520
TECNILOGICA ECOSISTEMAS SA (A28963767),SEU ZURICH,ARIBAU 197  ,08021,BARCELONA,644527833
TECNILOGICA ECOSISTEMAS SA (A28963767),SEDE MALAGA,JUAN LOPEZ PEÑALVER 28 3º ,29590,MÁLAGA,619282592
TECNILOGICA ECOSISTEMAS SA (A28963767),DELEGACION AVENIDA MANOTERAS,MANOTERAS 44  ,28050,MADRID,915966829
TECNILOGICA ECOSISTEMAS SA (A28963767),SEU VIA AUGUSTA,AUGUSTA 200  ,08021,BARCELONA,917687521
TECNILOGICA ECOSISTEMAS SA (A28963767),DELEGACIÓ EL PRAT DE LLOBREGAT (Roure),Del Roure 6-8  ,08820,EL PRAT DEL LLOBREGAT,692-679-966
TECNILOGICA ECOSISTEMAS SA (A28963767),DELEGACIÓ EL PRAT DE LLOBREGAT,DELS TAMARIUS 5  ,08820,EL PRAT DEL LLOBREGAT,91 768 75 21
TECNILOGICA ECOSISTEMAS SA (A28963767),SEU BAC DE RODA,BAC DE RODA 58  ,08005,BARCELONA,652996113
TECNOLOGIA Y ASESORAMIENTO DE SOFTWARE S.L (B33089111),SEDE CENTRAL,NARANJO DE BULNES 3 BAJO ,33013,OVIEDO,985285255
TECNOLOGIAS APLICADAS A LA INFORMACIÓN SL (B61316618),SEU CENTRAL,DE LES CORTS CATALANES 9 E3 ,08173,SANT CUGAT DEL VALLÈS,932981510
TECNOPRODA SL (B62928585),SEU BELLATERRA,ALARCON 1  ,08290,CERDANYOLA DEL VALLÈS,932183000
TECNOYDES PROGRAMACION A MEDIDA SL (B67568741),SEU CENTRAL,D'ERNEST LLUCH 32  PLANTA 1 OFICINA 17,08302,MATARÓ,937023351
TELEFONICA DE ESPAÑA S.A.U (A82018474),BARCELONA - AV.MADRID,MADRID 204-206  ,08014,BARCELONA,680016117
TELEMÀTIC SOLUCIONS INFORMÀTIQUES SL (B61904520),SEU CENTRAL,SANT SEBASTIÀ 7  ,08800,VILANOVA I LA GELTRÚ,938142809
TELEMEDIK INNOVA HEALTH SOLUTIONS INC. SUCURSAL EN ESPAÑA (W4011057I),SEU CENTRAL,LORENA 77-79  LOCAL 6,08042,BARCELONA,658635246
TELESPAZIO IBERICA SL (B78317062),SEU CENTRAL,MARQUÉS DE SENTMENAT 54 1A PLANTA ,08029,BARCELONA,935830213
TEN SOLUTIONS SOFTWARE AND CONSULTING SL (B55509053),SEU CENTRAL,JOAN SERRA I VILARO 9 BAIXOS ,43007,TARRAGONA,977270991
"The Building Block for Digital, SL (B65738817)",SEU CENTRAL,TORRE BLANCA 57  ,08172,SANT CUGAT DEL VALLÈS,933808223
TICNOVA QUALITY TEAM SL (B43067586),SEU CENTRAL,IGNASI IGLESIAS 161 - ,43206,REUS,977309100
TKM CONSULTORES SL (B60911435),OFICINA BARCELONA,CASANOVA 148 ESC 1 ENTR. 3A. ,08036,BARCELONA,934511342
TKN Solutions SL (B65651200),SEU CENTRAL,Sant Gervasi de Cassoles 37-39 entresól 6a ,08022,BARCELONA,659370113
"TODO-REDES DE COMUNICACION GLOBAL, S.L. (B57208423)",SEDE CENTRAL,BEGONIA 12 BAJOS N.2,07010,PALMA DE MALLORCA,971499071
"Top Ten Franquicias, S.L. (B66527649)",SEU CENTRAL,Gaudí 8  Oficina 1,08221,TERRASSA,677410196
TRANSLOGIA DEVELOPMENT S.L (B66941873),SEDE CENTRAL,DUQUE DE WELLINGTON 52 BAJO ,01010,VITORIA-GASTEIZ,646964199
TRANXFER SOFTWARE COMPANY SL. (B65972523),SEDE CENTRAL,DE BARCELONA. WTC BARCELONA S/N  EDIFICIO SUR LOCAL 10 PL BAJA,08039,BARCELONA,659422806
"Tratamientos del Agua VDF, S.L. (B60326279)",Seu Central,Aiguafreda 8  ,08480,"AMETLLA DEL VALLÈS, L'",93 693 43 00
"TRAVIS CONTROL, SL (B64029812)",SEU CENTRAL,REI EN JAUME 149-151 LOCAL 7 ,08440,CARDEDEU,646847277
TRISACOR INFRAESTRUCTURAS Y SERVICIOS SL (B73622821),SEU CENTRAL,CARRIL NICOLASES 2  ,30580,ALQUERIAS,628823647
TRUSTED ADVISORS SPAIN S.L. (B67199729),SEU Barcelona,Pallars 193  ,08019,BARCELONA,680675531
TUMONDAY REMOTE SL (B01645647),SEU CENTRAL,REYES CATOLICOS 26  ,28108,ALCOBENDAS,910932865
TURIJOBS TOURISM SLU (B64589583),SEU CENTRAL,EUROPA 9-11 PLANTA 22 TORRE INBISA,08908,"HOSPITALET DE LLOBREGAT, L'",932296345
UNCONVENTIONAL MARKETING SL (B74382631),SEU CENTRAL,PRONI-MERES C/A 14  ,33199,OVIEDO,659271985
"UNINTEG 2014, S.L. (B55216576)",SEU CENTRAL,Major 2 1r B ,17100,"BISBAL D'EMPORDÀ, LA",972641400
UNION SINDICAL DE COMISIONES OBRERAS DE (G31734965),SEDE CENTRAL,ZARAGOZA 12  ,31003,HUARTE/UHARTE,948244200
UNIPOST S.A. (A62690953),SEU CENTRAL,PABLO IGLESIAS 16-20  ,08908,"HOSPITALET DE LLOBREGAT, L'",932232552
United Software Factory Iberia SL (B67566745),SEU CENTRAL,D'ARAGÓ 141 5È. 3A. ,08015,BARCELONA,934413293
UNITRONICS COMUNICACIONES S.A. (A81356313),OFICINA BARCELONA,Venezuela 103 3 ,08019,BARCELONA,902107670
UNIVERSAL CUSTOMER S.L (B66084823),DELEGACIÓ REUS,BELLISENS 42  DESPATX 26,43204,REUS,659691016
UNIVERSITAT DE BARCELONA (Q0818001J),ÀREA DE TECNOLOGIES DE LA INFORMACIÓ I LA TELECOMUNICACIÓ,VALL HEBRON 171  ED LLEVANT,08035,BARCELONA,934035510
UNIVERSITAT DE BARCELONA (Q0818001J),UB-ÁREA TECNOLOGIES,DE LES CORTS 151-159  RECINTE MATERNITAT,08028,BARCELONA,934035510
UNIVERSITAT DE BARCELONA (Q0818001J),Institut de Desenvolupament Professional,VALL D'HEBRON 171  CAMPUS MUNDET - EDIFICI MIGDIA,08035,BARCELONA,934035175
UNIVERSITAT DE BARCELONA (Q0818001J),Facultat de biologia,Diagonal 643  ,08028,BARCELONA,934021087
UNIVERSITAT POLITÈCNICA DE CATALUNYA (Q0818003F),ESCOLA TECNICA SUPERIOR ENGINYERS INDUSTRIALS DE BARCELONA (DEPARTAMENT ENGINYERIA ELÈCTRICA)),DIAGONAL 647  ,08028,BARCELONA,934016503
UNIVERSITAT POLITÈCNICA DE CATALUNYA (Q0818003F),CÀTEDRA UNESCO DE SOSTENIBILITAT,COLOM 1  ,08222,TERRASSA,93 739 86 60
UNNAX PAYMENT SYSTEMS SW (B66353913),Seu central,EUROPA 22-24 pis 4 - porta 2 ,08902,"HOSPITALET DE LLOBREGAT, L'",902650651
UPCNET SERVEIS D'ACCES A INTERNET DE LA UNIVERSITAT POLITECNICA DE CATALUNYA SL (B61832119),SEU CENTRAL,PASCUAL I VILA 15  ,08028,BARCELONA,934011600
URBASER SA (A79524054),SEU BARCELONA,FRAI JUNIPER SERRA 75  ,08030,BARCELONA,932787600
USE-IT S.L. (B25755232),SEU CENTRAL,DE LA CAPARRELLA EDIFICI CEEI 3  ,25192,LLEIDA,973262514
UST GLOBAL ESPAÑA SA. (A84816644),SEDE CENTRAL,SANTA LEONOR 65 EDIFICIO G ,28037,MADRID,914062700
UVEDIEZ SUPPLY CHAIN SL (B85190957),OFICINA CENTRAL,LAGUNA DEL MARQUESADO 8  ,28021,MADRID,692062497
VALIANT MANAGED CLOUD SERVICES SL (B67451641),SEU CENTRAL,Doctor Roux 8 P.2 Pta.2 ,08017,BARCELONA,34742877C
VALORIZA SERVICIOS MEDIAMBENTALES SA (A28760692),Adaking Software,Palencia 34-44  ,08027,BARCELONA,637 824 351
VASS CONSULTORÍA DE SISTEMAS SL (B82422015),SEU BARCELONA,BADAJOZ 210  ,08018,BARCELONA,93 112 47 91
VASS CONSULTORÍA DE SISTEMAS SL (B82422015),DELEGACIÓN MADRID,EUROPA 1 EDIFICIO B ,28108,ALCOBENDAS,67919333
VERTICAL IMAGINAE SOLUTIONS SL (B65584757),SEU CENTRAL,SA DRAGONERA 15 BAIXOS ESC B 1ER 2A PT2 ,08205,SABADELL,667530548
"VETURILO, S.A. (A60080728)",SEU CENTRAL,MESTRE JOAN CORRALES 59-61  LOCAL - GRUPO SERCA,08950,ESPLUGUES DE LLOBREGAT,934757100
VIAJES PACIFICO SA (A08644932),SEU CENTRAL,MARIA CUBI 4  ,08006,BARCELONA,934549168
"VIAJES PARA TI, SL (B55666952)",ESQUIADES.COM,BELLISENS 42 EDIFICI TECNOPARC DESPATX 129,43204,REUS,977247157
VIAVOX INTERACTIVE (B39698022),SEDE CENTRAL,ALBERT EINSTEIN 18 PISO 4 ,39011,SANTADER CIUDAD,942888375
VIDNEO TECNOLOGIA AUDIOVISUAL Y DIGITAL SL (B66235185),SEU CENTRAL,PUJADES 81  ,08005,BARCELONA,669334367
"VIEWNEXT, SA (A80157746)",VIEWNEXT MADRID,BURGOS 8A 8  ,28036,MADRID,913834060
VIMAR 2012 SL (B65612186),SEU CENTRAL,AMILCAR 115  ,08032,BARCELONA,672436482
VISIÓ D'ENGINYERIA SL (B65145708),SEU CENTRAL,"de la Pau, 25  ",08243,MANRESA,902908055
VOLCANIC INTERNET SL (B55027106),SEU CENTRAL,CATALUNYA 15-17  ,17800,OLOT,972263296
VOLCANO TECNOLOGIAS DE LA INFORMACION SL (B64457708),DELEGACIÓ ( c/ARAGÓ),ARAGÓ 383 planta 8 despacho D ,08013,BARCELONA,932992754
VTIGER SPAIN S.L (B93548246),HOSTGREEN,GRAHAM BELL 6 2-4 ,29590,MÁLAGA,952333927
WEBCAMS SL (B17816216),MEDIAGRUP,SANT ADOLF 18  ,17220,SANT FELIU DE GUÍXOLS,695796901
"WEBCOCINA, S.L. (B11926623)",SEDE CENTRAL,ISAAC NEWTON 8 EDIFICIO 286 MODULO 40-27,11500,"PUERTO DE SANTA MARIA, EL",956339809
WEBLAB STUDIO S.C (J90152075),SEU CENTRAL,SECTOR TRIANGULO 4 3B ,41089,MONTEQUINTO,627432488
WEST POINT SOLUTION S.L.WE (B64369556),SEU CENTRAL,MUSEU 4  ,08912,BADALONA,935667022
WORLD SOFTWARE SERVICES SA (A80824428),WSS GROUP,AYALA 27  ,28001,MADRID,915569670
WORLDLINE IBERIA SA. (A62736681),SEU PERE IV,PERE IV 291  ,08020,BARCELONA,934861818
Xavier Garcia Rodríguez (46817813W),Galactic Cauldron,Sayonar 4 2A ,03369,"ALTO, EL",678 74 36 42
YES LIFE WORK S.L. (B67149286),SEU CENTRAL,MADRID 9 C - ENT 4A ,08006,BARCELONA,665944538
YKK ESPAÑA SA (A08257495),SEU CENTRAL,DEL JAPO 115  ,43897,TORTOSA,977454045
YOLANDA VALERA (36575246W),ANTONIO DE MIGUEL,DOCTOR AIGUADER 32  ,08003,BARCELONA,655587616
ZELENZA SISTEMAS DE INFORMACION SA (A84104272),SEDE CENTRAL,SAN DIEGO 1  ,28053,MADRID,915062660
Zener Soft Consulting SL (B86061249),Seu Central,Juana Doña 3  2 planta,28045,MADRID,696 380 582
ZERINTIA & KEBALA SL. (B86851383),SEDE CENTRAL,GANDIA 1  ,28007,MADRID,657897348
ZITRO LABORATORY SL. (B64204134),SEU CENTRAL(ZITRO LABORATORY SL.),MAIOLS 23-27  ,08192,SANT QUIRZE DEL VALLÈS,937456900
